{
    "x": 290.71416510276663,
    "y": 21.05384066590303,
    "theta": 0.47247782349586487,
    "speed": 0.0,
    "target_speed": 4.0,
    "x_command": 327.1312438514933,
    "y_command": 51.776363443372965,
    "command": 4,
    "waypoints": [
        [
            290.738037109375,
            21.083385467529297,
            0.4789904944443353
        ],
        [
            290.854736328125,
            21.18259048461914,
            0.502085294259448
        ],
        [
            291.0433349609375,
            21.35974884033203,
            0.5442784211998459
        ],
        [
            291.2926940917969,
            21.62542724609375,
            0.6066121033581315
        ],
        [
            291.59344482421875,
            21.986635208129883,
            0.6836638118597673
        ],
        [
            291.9374694824219,
            22.448162078857422,
            0.7674807484785314
        ],
        [
            292.3141174316406,
            23.015838623046875,
            0.8525760024205334
        ],
        [
            292.7138671875,
            23.693620681762695,
            0.9340235246174542
        ]
    ],
    "steer": 0.566,
    "throttle": 0.75,
    "brake": false,
    "junction": false,
    "vehicle_hazard": [
        false,
        false,
        false,
        false,
        false,
        false,
        false,
        false,
        false,
        false,
        false,
        false,
        false,
        false,
        false,
        false,
        false,
        false,
        false,
        false,
        false,
        false,
        false,
        false,
        false,
        false,
        false,
        false,
        false,
        false,
        false,
        false,
        false,
        false,
        false,
        false,
        false,
        false,
        false,
        false,
        false,
        false,
        false,
        false,
        false,
        false,
        false,
        false,
        false,
        false,
        false,
        false,
        false,
        false,
        false,
        false,
        false,
        false,
        false,
        false,
        false,
        false,
        false,
        false,
        false,
        false,
        false,
        false,
        false,
        false,
        false,
        false,
        false,
        false,
        false,
        false,
        false,
        false,
        false,
        false
    ],
    "light_hazard": false,
    "walker_hazard": [
        false,
        false,
        false,
        false,
        false,
        false,
        false,
        false,
        false,
        false,
        false,
        false,
        false,
        false,
        false,
        false,
        false,
        false,
        false,
        false,
        false,
        false,
        false,
        false,
        false,
        false,
        false,
        false,
        false,
        false,
        false,
        false,
        false,
        false,
        false,
        false,
        false,
        false,
        false,
        false,
        false,
        false,
        false,
        false,
        false,
        false,
        false,
        false,
        false,
        false,
        false,
        false,
        false,
        false,
        false,
        false,
        false,
        false,
        false,
        false,
        false,
        false,
        false,
        false,
        false,
        false,
        false,
        false,
        false,
        false,
        false,
        false,
        false,
        false,
        false,
        false,
        false,
        false,
        false,
        false
    ],
    "stop_sign_hazard": false,
    "angle": 0.13778136219047493,
    "ego_matrix": [
        [
            0.4550938606262207,
            0.8904434442520142,
            0.0,
            21.05384063720703
        ],
        [
            -0.8904434442520142,
            0.4550938606262207,
            0.0,
            -290.7008056640625
        ],
        [
            0.0,
            -0.0,
            1.0,
            0.487831711769104
        ],
        [
            0.0,
            0.0,
            0.0,
            1.0
        ]
    ]
}