{
    "x": 290.71416510276663,
    "y": 21.05385401734348,
    "theta": 0.47247782349586487,
    "speed": 2.8214766220236918e-05,
    "target_speed": 4.0,
    "x_command": 327.1312438514933,
    "y_command": 51.776363443372965,
    "command": 4,
    "waypoints": [
        [
            290.73724365234375,
            21.08439064025879,
            0.47985628811472014
        ],
        [
            290.8511657714844,
            21.186792373657227,
            0.5056427448435759
        ],
        [
            291.0345153808594,
            21.36942481994629,
            0.5520704310752542
        ],
        [
            291.27960205078125,
            21.639102935791016,
            0.6161173913418151
        ],
        [
            291.5790100097656,
            22.0014591217041,
            0.6915542921164813
        ],
        [
            291.9222412109375,
            22.463598251342773,
            0.7733057475728072
        ],
        [
            292.2989196777344,
            23.03125762939453,
            0.8561068213937607
        ],
        [
            292.6999816894531,
            23.708301544189453,
            0.9351895897007453
        ]
    ],
    "steer": 0.525,
    "throttle": 0.75,
    "brake": false,
    "junction": false,
    "vehicle_hazard": [
        false,
        false,
        false,
        false,
        false,
        false,
        false,
        false,
        false,
        false,
        false,
        false,
        false,
        false,
        false,
        false,
        false,
        false,
        false,
        false,
        false,
        false,
        false,
        false,
        false,
        false,
        false,
        false,
        false,
        false,
        false,
        false,
        false,
        false,
        false,
        false,
        false,
        false,
        false,
        false,
        false,
        false,
        false,
        false,
        false,
        false,
        false,
        false,
        false,
        false,
        false,
        false,
        false,
        false,
        false,
        false,
        false,
        false,
        false,
        false,
        false,
        false,
        false,
        false,
        false,
        false,
        false,
        false,
        false,
        false,
        false,
        false,
        false,
        false,
        false,
        false,
        false,
        false,
        false,
        false
    ],
    "light_hazard": false,
    "walker_hazard": [
        false,
        false,
        false,
        false,
        false,
        false,
        false,
        false,
        false,
        false,
        false,
        false,
        false,
        false,
        false,
        false,
        false,
        false,
        false,
        false,
        false,
        false,
        false,
        false,
        false,
        false,
        false,
        false,
        false,
        false,
        false,
        false,
        false,
        false,
        false,
        false,
        false,
        false,
        false,
        false,
        false,
        false,
        false,
        false,
        false,
        false,
        false,
        false,
        false,
        false,
        false,
        false,
        false,
        false,
        false,
        false,
        false,
        false,
        false,
        false,
        false,
        false,
        false,
        false,
        false,
        false,
        false,
        false,
        false,
        false,
        false,
        false,
        false,
        false,
        false,
        false,
        false,
        false,
        false,
        false
    ],
    "stop_sign_hazard": false,
    "angle": 0.13358763560694792,
    "ego_matrix": [
        [
            0.4550943970680237,
            0.8904432058334351,
            -6.589241820620373e-05,
            21.05385398864746
        ],
        [
            -0.8904432058334351,
            0.4550943970680237,
            2.7103071261080913e-05,
            -290.7008056640625
        ],
        [
            5.412101381807588e-05,
            4.633899879991077e-05,
            1.0,
            0.004190025385469198
        ],
        [
            0.0,
            0.0,
            0.0,
            1.0
        ]
    ]
}