{
    "x": 290.71416510276663,
    "y": 21.053829221811217,
    "theta": 0.47247782349586487,
    "speed": 1.128681719520562e-06,
    "target_speed": 3.0,
    "x_command": 327.1312438514933,
    "y_command": 51.776363443372965,
    "command": 4,
    "waypoints": [
        [
            290.7364196777344,
            21.08531951904297,
            0.48071129598269
        ],
        [
            290.8474426269531,
            21.19080924987793,
            0.509161180117734
        ],
        [
            291.0283203125,
            21.375913619995117,
            0.5571568024411966
        ],
        [
            291.2727966308594,
            21.646148681640625,
            0.6205787187999159
        ],
        [
            291.5716247558594,
            22.008943557739258,
            0.6951797198874334
        ],
        [
            291.91455078125,
            22.471290588378906,
            0.775914646755676
        ],
        [
            292.2914123535156,
            23.038827896118164,
            0.8575819463215555
        ],
        [
            292.69317626953125,
            23.71544647216797,
            0.9355660940998552
        ]
    ],
    "steer": 0.593,
    "throttle": 0.75,
    "brake": false,
    "junction": true,
    "vehicle_hazard": [
        false,
        false,
        false,
        false,
        false,
        false,
        false,
        false,
        false,
        false,
        false,
        false,
        false,
        false,
        false,
        false,
        false,
        false,
        false,
        false,
        false,
        false,
        false,
        false,
        false,
        false,
        false,
        false,
        false,
        false,
        false,
        false,
        false,
        false,
        false,
        false,
        false,
        false,
        false,
        false,
        false,
        false,
        false,
        false,
        false,
        false,
        false,
        false,
        false,
        false,
        false,
        false,
        false,
        false,
        false,
        false,
        false,
        false,
        false,
        false,
        false,
        false,
        false,
        false,
        false,
        false,
        false,
        false,
        false,
        false,
        false,
        false,
        false,
        false,
        false,
        false,
        false,
        false,
        false,
        false
    ],
    "light_hazard": false,
    "walker_hazard": [
        false,
        false,
        false,
        false,
        false,
        false,
        false,
        false,
        false,
        false,
        false,
        false,
        false,
        false,
        false,
        false,
        false,
        false,
        false,
        false,
        false,
        false,
        false,
        false,
        false,
        false,
        false,
        false,
        false,
        false,
        false,
        false,
        false,
        false,
        false,
        false,
        false,
        false,
        false,
        false,
        false,
        false,
        false,
        false,
        false,
        false,
        false,
        false,
        false,
        false,
        false,
        false,
        false,
        false,
        false,
        false,
        false,
        false,
        false,
        false,
        false,
        false,
        false,
        false,
        false,
        false,
        false,
        false,
        false,
        false,
        false,
        false,
        false,
        false,
        false,
        false,
        false,
        false,
        false,
        false
    ],
    "stop_sign_hazard": false,
    "angle": 0.13165442889064283,
    "ego_matrix": [
        [
            0.4550938606262207,
            0.8904434442520142,
            -5.259018053038744e-06,
            21.053829193115234
        ],
        [
            -0.8904434442520142,
            0.4550938606262207,
            9.268455869460013e-07,
            -290.7008056640625
        ],
        [
            3.2186505904974183e-06,
            4.261056801624363e-06,
            1.0,
            0.03270202502608299
        ],
        [
            0.0,
            0.0,
            0.0,
            1.0
        ]
    ]
}