{
    "x": 290.71416510276663,
    "y": 21.05382731446258,
    "theta": 0.4724784791469574,
    "speed": 7.314852317822827e-08,
    "target_speed": 3.0,
    "x_command": 327.1312438514933,
    "y_command": 51.776363443372965,
    "command": 4,
    "waypoints": [
        [
            290.7355651855469,
            21.08625030517578,
            0.48155984568501653
        ],
        [
            290.84539794921875,
            21.192996978759766,
            0.5110277897257705
        ],
        [
            291.0260925292969,
            21.378280639648438,
            0.558879135297178
        ],
        [
            291.2703552246094,
            21.648700714111328,
            0.6220848029753829
        ],
        [
            291.5690612792969,
            22.011598587036133,
            0.6963588344600661
        ],
        [
            291.9119873046875,
            22.473953247070312,
            0.7767055390204024
        ],
        [
            292.2889099121094,
            23.041446685791016,
            0.8580209018482279
        ],
        [
            292.6909484863281,
            23.717905044555664,
            0.9356385320815055
        ]
    ],
    "steer": 0.66,
    "throttle": 0.75,
    "brake": false,
    "junction": true,
    "vehicle_hazard": [
        false,
        false,
        false,
        false,
        false,
        false,
        false,
        false,
        false,
        false,
        false,
        false,
        false,
        false,
        false,
        false,
        false,
        false,
        false,
        false,
        false,
        false,
        false,
        false,
        false,
        false,
        false,
        false,
        false,
        false,
        false,
        false,
        false,
        false,
        false,
        false,
        false,
        false,
        false,
        false,
        false,
        false,
        false,
        false,
        false,
        false,
        false,
        false,
        false,
        false,
        false,
        false,
        false,
        false,
        false,
        false,
        false,
        false,
        false,
        false,
        false,
        false,
        false,
        false,
        false,
        false,
        false,
        false,
        false,
        false,
        false,
        false,
        false,
        false,
        false,
        false,
        false,
        false,
        false,
        false
    ],
    "light_hazard": false,
    "walker_hazard": [
        false,
        false,
        false,
        false,
        false,
        false,
        false,
        false,
        false,
        false,
        false,
        false,
        false,
        false,
        false,
        false,
        false,
        false,
        false,
        false,
        false,
        false,
        false,
        false,
        false,
        false,
        false,
        false,
        false,
        false,
        false,
        false,
        false,
        false,
        false,
        false,
        false,
        false,
        false,
        false,
        false,
        false,
        false,
        false,
        false,
        false,
        false,
        false,
        false,
        false,
        false,
        false,
        false,
        false,
        false,
        false,
        false,
        false,
        false,
        false,
        false,
        false,
        false,
        false,
        false,
        false,
        false,
        false,
        false,
        false,
        false,
        false,
        false,
        false,
        false,
        false,
        false,
        false,
        false,
        false
    ],
    "stop_sign_hazard": false,
    "angle": 0.131043680753795,
    "ego_matrix": [
        [
            0.4550943970680237,
            0.8904432058334351,
            -1.965350975297042e-06,
            21.0538272857666
        ],
        [
            -0.8904432058334351,
            0.4550943970680237,
            3.3429711265853257e-07,
            -290.7008056640625
        ],
        [
            1.1920927818209748e-06,
            1.5978966985130683e-06,
            1.0,
            0.03338863328099251
        ],
        [
            0.0,
            0.0,
            0.0,
            1.0
        ]
    ]
}