{
    "x": 290.71416510276663,
    "y": 21.05382731446258,
    "theta": 0.47247782349586487,
    "speed": -1.2757313388442156e-08,
    "target_speed": 3.0,
    "x_command": 327.1312438514933,
    "y_command": 51.776363443372965,
    "command": 4,
    "waypoints": [
        [
            290.7353210449219,
            21.086498260498047,
            0.48178461648101933
        ],
        [
            290.8451843261719,
            21.193252563476562,
            0.5112357826069058
        ],
        [
            291.02581787109375,
            21.378572463989258,
            0.5590871281783132
        ],
        [
            291.27008056640625,
            21.64898109436035,
            0.6222352049979452
        ],
        [
            291.56878662109375,
            22.01189613342285,
            0.6964830709249182
        ],
        [
            291.91168212890625,
            22.47427749633789,
            0.7768140628348231
        ],
        [
            292.28863525390625,
            23.041757583618164,
            0.8580737655958658
        ],
        [
            292.690673828125,
            23.718196868896484,
            0.9356485855146205
        ]
    ],
    "steer": 0.721,
    "throttle": 0.75,
    "brake": false,
    "junction": true,
    "vehicle_hazard": [
        false,
        false,
        false,
        false,
        false,
        false,
        false,
        false,
        false,
        false,
        false,
        false,
        false,
        false,
        false,
        false,
        false,
        false,
        false,
        false,
        false,
        false,
        false,
        false,
        false,
        false,
        false,
        false,
        false,
        false,
        false,
        false,
        false,
        false,
        false,
        false,
        false,
        false,
        false,
        false,
        false,
        false,
        false,
        false,
        false,
        false,
        false,
        false,
        false,
        false,
        false,
        false,
        false,
        false,
        false,
        false,
        false,
        false,
        false,
        false,
        false,
        false,
        false,
        false,
        false,
        false,
        false,
        false,
        false,
        false,
        false,
        false,
        false,
        false,
        false,
        false,
        false,
        false,
        false,
        false
    ],
    "light_hazard": false,
    "walker_hazard": [
        false,
        false,
        false,
        false,
        false,
        false,
        false,
        false,
        false,
        false,
        false,
        false,
        false,
        false,
        false,
        false,
        false,
        false,
        false,
        false,
        false,
        false,
        false,
        false,
        false,
        false,
        false,
        false,
        false,
        false,
        false,
        false,
        false,
        false,
        false,
        false,
        false,
        false,
        false,
        false,
        false,
        false,
        false,
        false,
        false,
        false,
        false,
        false,
        false,
        false,
        false,
        false,
        false,
        false,
        false,
        false,
        false,
        false,
        false,
        false,
        false,
        false,
        false,
        false,
        false,
        false,
        false,
        false,
        false,
        false,
        false,
        false,
        false,
        false,
        false,
        false,
        false,
        false,
        false,
        false
    ],
    "stop_sign_hazard": false,
    "angle": 0.1309695400914922,
    "ego_matrix": [
        [
            0.4550938606262207,
            0.8904434442520142,
            0.0,
            21.0538272857666
        ],
        [
            -0.8904434442520142,
            0.4550938606262207,
            0.0,
            -290.7008056640625
        ],
        [
            0.0,
            -0.0,
            1.0,
            0.033415984362363815
        ],
        [
            0.0,
            0.0,
            0.0,
            1.0
        ]
    ]
}