{
    "x": 290.79793970424,
    "y": 21.151784925680083,
    "theta": 0.5307849049568176,
    "speed": 1.3795056872751579,
    "target_speed": 4.0,
    "x_command": 327.1312438514933,
    "y_command": 51.776363443372965,
    "command": 4,
    "waypoints": [
        [
            291.28607177734375,
            21.691850662231445,
            0.6385997306852368
        ],
        [
            291.8003845214844,
            22.359346389770508,
            0.7661929103543964
        ],
        [
            292.3166809082031,
            23.154821395874023,
            0.8822296353682934
        ],
        [
            292.8410339355469,
            24.06922721862793,
            0.9725460166273958
        ],
        [
            293.452880859375,
            25.05426597595215,
            0.994411767599437
        ],
        [
            294.2052917480469,
            26.07110023498535,
            0.9530758456349082
        ],
        [
            295.1321105957031,
            27.080472946166992,
            0.8672181952518437
        ],
        [
            296.2492980957031,
            28.04494857788086,
            0.7571024097104926
        ]
    ],
    "steer": 0.672,
    "throttle": 0.75,
    "brake": false,
    "junction": false,
    "vehicle_hazard": [
        false,
        false,
        false,
        false,
        false,
        false,
        false,
        false,
        false,
        false,
        false,
        false,
        false,
        false,
        false,
        false,
        false,
        false,
        false,
        false,
        false,
        false,
        false,
        false,
        false,
        false,
        false,
        false,
        false,
        false,
        false,
        false,
        false,
        false,
        false,
        false,
        false,
        false,
        false,
        false,
        false,
        false,
        false,
        false,
        false,
        false,
        false,
        false,
        false,
        false,
        false,
        false,
        false,
        false,
        false,
        false,
        false,
        false,
        false,
        false,
        false,
        false,
        false,
        false,
        false,
        false,
        false,
        false,
        false,
        false,
        false,
        false,
        false,
        false,
        false,
        false,
        false,
        false,
        false,
        false
    ],
    "light_hazard": false,
    "walker_hazard": [
        false,
        false,
        false,
        false,
        false,
        false,
        false,
        false,
        false,
        false,
        false,
        false,
        false,
        false,
        false,
        false,
        false,
        false,
        false,
        false,
        false,
        false,
        false,
        false,
        false,
        false,
        false,
        false,
        false,
        false,
        false,
        false,
        false,
        false,
        false,
        false,
        false,
        false,
        false,
        false,
        false,
        false,
        false,
        false,
        false,
        false,
        false,
        false,
        false,
        false,
        false,
        false,
        false,
        false,
        false,
        false,
        false,
        false,
        false,
        false,
        false,
        false,
        false,
        false,
        false,
        false,
        false,
        false,
        false,
        false,
        false,
        false,
        false,
        false,
        false,
        false,
        false,
        false,
        false,
        false
    ],
    "stop_sign_hazard": false,
    "angle": -0.1366627241777221,
    "ego_matrix": [
        [
            0.4861854314804077,
            0.8738465309143066,
            -0.003994633909314871,
            21.151784896850586
        ],
        [
            -0.8738533854484558,
            0.48618945479393005,
            3.8069323636591434e-05,
            -290.7845764160156
        ],
        [
            0.0019754155073314905,
            0.0034722157288342714,
            0.9999920129776001,
            0.03243577107787132
        ],
        [
            0.0,
            0.0,
            0.0,
            1.0
        ]
    ]
}