{
    "x": 291.703315782807,
    "y": 22.172948867501596,
    "theta": 0.731421709060669,
    "speed": 2.513635914215181,
    "target_speed": 4.0,
    "x_command": 327.1312438514933,
    "y_command": 51.776363443372965,
    "command": 4,
    "waypoints": [
        [
            292.15350341796875,
            22.696889877319336,
            0.770559096382554
        ],
        [
            292.15472412109375,
            22.698322296142578,
            0.7706913889097038
        ],
        [
            292.15472412109375,
            22.698322296142578,
            0.7706913889097038
        ],
        [
            292.15472412109375,
            22.698322296142578,
            0.7706913889097038
        ],
        [
            292.15472412109375,
            22.698322296142578,
            0.7706913889097038
        ],
        [
            292.15472412109375,
            22.698322296142578,
            0.7706913889097038
        ],
        [
            292.15472412109375,
            22.698322296142578,
            0.7706913889097038
        ],
        [
            292.15472412109375,
            22.698322296142578,
            0.7706913889097038
        ]
    ],
    "steer": 0.2685,
    "throttle": 0.0,
    "brake": true,
    "junction": false,
    "vehicle_hazard": [
        false,
        false,
        false,
        false,
        true,
        true,
        true,
        true,
        true,
        true,
        true,
        true,
        true,
        true,
        true,
        true,
        true,
        true,
        true,
        true,
        true,
        true,
        true,
        true,
        true,
        true,
        true,
        true,
        true,
        true,
        true,
        true,
        true,
        true,
        true,
        true,
        true,
        true,
        true,
        true,
        true,
        true,
        true,
        true,
        true,
        true,
        true,
        true,
        true,
        true,
        true,
        true,
        true,
        true,
        true,
        true,
        true,
        true,
        true,
        true,
        true,
        true,
        true,
        true,
        true,
        true,
        true,
        true,
        true,
        true,
        true,
        true,
        true,
        true,
        true,
        true,
        true,
        true,
        true,
        true
    ],
    "light_hazard": false,
    "walker_hazard": [
        false,
        false,
        false,
        false,
        false,
        false,
        false,
        false,
        false,
        false,
        false,
        false,
        false,
        false,
        false,
        false,
        false,
        false,
        false,
        false,
        false,
        false,
        false,
        false,
        false,
        false,
        false,
        false,
        false,
        false,
        false,
        false,
        false,
        false,
        false,
        false,
        false,
        false,
        false,
        false,
        false,
        false,
        false,
        false,
        false,
        false,
        false,
        false,
        false,
        false,
        false,
        false,
        false,
        false,
        false,
        false,
        false,
        false,
        false,
        false,
        false,
        false,
        false,
        false,
        false,
        false,
        false,
        false,
        false,
        false,
        false,
        false,
        false,
        false,
        false,
        false,
        false,
        false,
        false,
        false
    ],
    "stop_sign_hazard": false,
    "angle": 0.22729412032276458,
    "ego_matrix": [
        [
            0.6586308479309082,
            0.752466082572937,
            -0.00027470721397548914,
            22.172948837280273
        ],
        [
            -0.7524662017822266,
            0.6586307883262634,
            -0.0003339207614772022,
            -291.6899108886719
        ],
        [
            -7.033347355900332e-05,
            0.0004266384057700634,
            0.9999998807907104,
            0.03345249220728874
        ],
        [
            0.0,
            0.0,
            0.0,
            1.0
        ]
    ]
}