{
    "x": 291.9972135659587,
    "y": 22.533876449780642,
    "theta": 0.7674883604049683,
    "speed": -0.0006962346029557778,
    "target_speed": 4.0,
    "x_command": 327.1312438514933,
    "y_command": 51.776363443372965,
    "command": 4,
    "waypoints": [
        [
            291.9837646484375,
            22.533849716186523,
            0.7674841440089213
        ],
        [
            291.9837646484375,
            22.533849716186523,
            0.7674841440089213
        ],
        [
            291.9837646484375,
            22.533849716186523,
            0.7674841440089213
        ],
        [
            291.9837646484375,
            22.533849716186523,
            0.7674841440089213
        ],
        [
            291.9837646484375,
            22.533849716186523,
            0.7674841440089213
        ],
        [
            291.9837646484375,
            22.533849716186523,
            0.7674841440089213
        ],
        [
            291.9837646484375,
            22.533849716186523,
            0.7674841440089213
        ],
        [
            291.9837646484375,
            22.533849716186523,
            0.7674841440089213
        ]
    ],
    "steer": 0.2495,
    "throttle": 0.0,
    "brake": true,
    "junction": false,
    "vehicle_hazard": [
        true,
        true,
        true,
        true,
        true,
        true,
        true,
        true,
        true,
        true,
        true,
        true,
        true,
        true,
        true,
        true,
        true,
        true,
        false,
        false,
        false,
        false,
        false,
        false,
        false,
        false,
        false,
        false,
        false,
        false,
        false,
        false,
        false,
        false,
        false,
        false,
        false,
        false,
        false,
        false,
        false,
        false,
        false,
        false,
        false,
        false,
        false,
        false,
        false,
        false,
        false,
        false,
        false,
        false,
        false,
        false,
        false,
        false,
        false,
        false,
        false,
        false,
        false,
        false,
        false,
        false,
        false,
        false,
        false,
        false,
        false,
        false,
        false,
        false,
        false,
        false,
        false,
        false,
        false,
        false
    ],
    "light_hazard": false,
    "walker_hazard": [
        false,
        false,
        false,
        false,
        false,
        false,
        false,
        false,
        false,
        false,
        false,
        false,
        false,
        false,
        false,
        false,
        false,
        false,
        false,
        false,
        false,
        false,
        false,
        false,
        false,
        false,
        false,
        false,
        false,
        false,
        false,
        false,
        false,
        false,
        false,
        false,
        false,
        false,
        false,
        false,
        false,
        false,
        false,
        false,
        false,
        false,
        false,
        false,
        false,
        false,
        false,
        false,
        false,
        false,
        false,
        false,
        false,
        false,
        false,
        false,
        false,
        false,
        false,
        false,
        false,
        false,
        false,
        false,
        false,
        false,
        false,
        false,
        false,
        false,
        false,
        false,
        false,
        false,
        false,
        false
    ],
    "stop_sign_hazard": false,
    "angle": 0.21823502818260762,
    "ego_matrix": [
        [
            0.6943274736404419,
            0.7196568250656128,
            0.0018804838182404637,
            22.533876419067383
        ],
        [
            -0.7196569442749023,
            0.6943295001983643,
            -0.0007369971717707813,
            -291.9837951660156
        ],
        [
            -0.0018360603135079145,
            -0.0008415859192609787,
            0.9999979734420776,
            0.034330058842897415
        ],
        [
            0.0,
            0.0,
            0.0,
            1.0
        ]
    ]
}