{
    "x": 291.997488235891,
    "y": 22.534400970655383,
    "theta": 0.7674884796142578,
    "speed": -6.034277688878708e-05,
    "target_speed": 4.0,
    "x_command": 327.1312438514933,
    "y_command": 51.776363443372965,
    "command": 4,
    "waypoints": [
        [
            291.98406982421875,
            22.534399032592773,
            0.7674880721715293
        ],
        [
            291.98406982421875,
            22.534399032592773,
            0.7674880721715293
        ],
        [
            291.98406982421875,
            22.534399032592773,
            0.7674880721715293
        ],
        [
            291.98406982421875,
            22.534399032592773,
            0.7674880721715293
        ],
        [
            291.98406982421875,
            22.534399032592773,
            0.7674880721715293
        ],
        [
            291.98406982421875,
            22.534399032592773,
            0.7674880721715293
        ],
        [
            291.98406982421875,
            22.534399032592773,
            0.7674880721715293
        ],
        [
            291.98406982421875,
            22.534399032592773,
            0.7674880721715293
        ]
    ],
    "steer": 0.236,
    "throttle": 0.0,
    "brake": true,
    "junction": false,
    "vehicle_hazard": [
        true,
        true,
        true,
        true,
        true,
        true,
        true,
        true,
        false,
        false,
        false,
        false,
        false,
        false,
        false,
        false,
        false,
        false,
        false,
        false,
        false,
        false,
        false,
        false,
        false,
        false,
        false,
        false,
        false,
        false,
        false,
        false,
        false,
        false,
        false,
        false,
        false,
        false,
        false,
        false,
        false,
        false,
        false,
        false,
        false,
        false,
        false,
        false,
        false,
        false,
        false,
        false,
        false,
        false,
        false,
        false,
        false,
        false,
        false,
        false,
        false,
        false,
        false,
        false,
        false,
        false,
        false,
        false,
        false,
        false,
        false,
        false,
        false,
        false,
        false,
        false,
        false,
        false,
        false,
        false
    ],
    "light_hazard": false,
    "walker_hazard": [
        false,
        false,
        false,
        false,
        false,
        false,
        false,
        false,
        false,
        false,
        false,
        false,
        false,
        false,
        false,
        false,
        false,
        false,
        false,
        false,
        false,
        false,
        false,
        false,
        false,
        false,
        false,
        false,
        false,
        false,
        false,
        false,
        false,
        false,
        false,
        false,
        false,
        false,
        false,
        false,
        false,
        false,
        false,
        false,
        false,
        false,
        false,
        false,
        false,
        false,
        false,
        false,
        false,
        false,
        false,
        false,
        false,
        false,
        false,
        false,
        false,
        false,
        false,
        false,
        false,
        false,
        false,
        false,
        false,
        false,
        false,
        false,
        false,
        false,
        false,
        false,
        false,
        false,
        false,
        false
    ],
    "stop_sign_hazard": false,
    "angle": 0.21823524993849047,
    "ego_matrix": [
        [
            0.6943298578262329,
            0.7196569442749023,
            0.00013126927660778165,
            22.534400939941406
        ],
        [
            -0.7196569442749023,
            0.6943298578262329,
            -4.065438042744063e-05,
            -291.98406982421875
        ],
        [
            -0.00012040137517033145,
            -6.62412858218886e-05,
            1.0,
            0.033477362245321274
        ],
        [
            0.0,
            0.0,
            0.0,
            1.0
        ]
    ]
}