{
    "x": 291.9975187545966,
    "y": 22.534452469068537,
    "theta": 0.7674879431724548,
    "speed": -3.8106701031341635e-06,
    "target_speed": 4.0,
    "x_command": 327.1312438514933,
    "y_command": 51.776363443372965,
    "command": 4,
    "waypoints": [
        [
            291.9841003417969,
            22.534452438354492,
            0.7674882719086108
        ],
        [
            291.9841003417969,
            22.534452438354492,
            0.7674882719086108
        ],
        [
            291.9841003417969,
            22.534452438354492,
            0.7674882719086108
        ],
        [
            291.9841003417969,
            22.534452438354492,
            0.7674882719086108
        ],
        [
            291.9841003417969,
            22.534452438354492,
            0.7674882719086108
        ],
        [
            291.9841003417969,
            22.534452438354492,
            0.7674882719086108
        ],
        [
            291.9841003417969,
            22.534452438354492,
            0.7674882719086108
        ],
        [
            291.9841003417969,
            22.534452438354492,
            0.7674882719086108
        ]
    ],
    "steer": 0.2235,
    "throttle": 0.0,
    "brake": true,
    "junction": false,
    "vehicle_hazard": [
        true,
        false,
        false,
        false,
        false,
        false,
        false,
        false,
        false,
        false,
        false,
        false,
        false,
        false,
        false,
        false,
        false,
        false,
        false,
        false,
        false,
        false,
        false,
        false,
        false,
        false,
        false,
        false,
        false,
        false,
        false,
        false,
        false,
        false,
        false,
        false,
        false,
        false,
        false,
        false,
        false,
        false,
        false,
        false,
        false,
        false,
        false,
        false,
        false,
        false,
        false,
        false,
        false,
        false,
        false,
        false,
        false,
        false,
        false,
        false,
        false,
        false,
        false,
        false,
        false,
        false,
        false,
        false,
        false,
        false,
        false,
        false,
        false,
        false,
        false,
        false,
        false,
        false,
        false,
        false
    ],
    "light_hazard": false,
    "walker_hazard": [
        false,
        false,
        false,
        false,
        false,
        false,
        false,
        false,
        false,
        false,
        false,
        false,
        false,
        false,
        false,
        false,
        false,
        false,
        false,
        false,
        false,
        false,
        false,
        false,
        false,
        false,
        false,
        false,
        false,
        false,
        false,
        false,
        false,
        false,
        false,
        false,
        false,
        false,
        false,
        false,
        false,
        false,
        false,
        false,
        false,
        false,
        false,
        false,
        false,
        false,
        false,
        false,
        false,
        false,
        false,
        false,
        false,
        false,
        false,
        false,
        false,
        false,
        false,
        false,
        false,
        false,
        false,
        false,
        false,
        false,
        false,
        false,
        false,
        false,
        false,
        false,
        false,
        false,
        false,
        false
    ],
    "stop_sign_hazard": false,
    "angle": 0.2182358127465062,
    "ego_matrix": [
        [
            0.6943298578262329,
            0.7196569442749023,
            8.903442903829273e-06,
            22.534452438354492
        ],
        [
            -0.7196569442749023,
            0.6943298578262329,
            -1.6800361208879622e-06,
            -291.9841003417969
        ],
        [
            -7.390975497401087e-06,
            -5.2409250201890245e-06,
            1.0,
            0.033421095460653305
        ],
        [
            0.0,
            0.0,
            0.0,
            1.0
        ]
    ]
}