{
    "x": 291.9982512098589,
    "y": 22.53559115620388,
    "theta": 0.7679460048675537,
    "speed": 0.04162206311853752,
    "target_speed": 4.0,
    "x_command": 327.1312438514933,
    "y_command": 51.776363443372965,
    "command": 4,
    "waypoints": [
        [
            292.0249938964844,
            22.590890884399414,
            0.7761564617826553
        ],
        [
            292.12579345703125,
            22.732694625854492,
            0.7966086068480822
        ],
        [
            292.2834777832031,
            22.963598251342773,
            0.8281648020785948
        ],
        [
            292.492431640625,
            23.287242889404297,
            0.8689664273494262
        ],
        [
            292.7456359863281,
            23.7077579498291,
            0.916601723977401
        ],
        [
            293.0607604980469,
            24.214204788208008,
            0.9506226747967818
        ],
        [
            293.447509765625,
            24.800159454345703,
            0.9646591982171806
        ],
        [
            293.9191589355469,
            25.455734252929688,
            0.955464101921464
        ]
    ],
    "steer": 0.44,
    "throttle": 0.75,
    "brake": false,
    "junction": false,
    "vehicle_hazard": [
        false,
        false,
        false,
        false,
        false,
        false,
        false,
        false,
        false,
        false,
        false,
        false,
        false,
        false,
        false,
        false,
        false,
        false,
        false,
        false,
        false,
        false,
        false,
        false,
        false,
        false,
        false,
        false,
        false,
        false,
        false,
        false,
        false,
        false,
        false,
        false,
        false,
        false,
        false,
        false,
        false,
        false,
        false,
        false,
        false,
        false,
        false,
        false,
        false,
        false,
        false,
        false,
        false,
        false,
        false,
        false,
        false,
        false,
        false,
        false,
        false,
        false,
        false,
        false,
        false,
        false,
        false,
        false,
        false,
        false,
        false,
        false,
        false,
        false,
        false,
        false,
        false,
        false,
        false,
        false
    ],
    "light_hazard": false,
    "walker_hazard": [
        false,
        false,
        false,
        false,
        false,
        false,
        false,
        false,
        false,
        false,
        false,
        false,
        false,
        false,
        false,
        false,
        false,
        false,
        false,
        false,
        false,
        false,
        false,
        false,
        false,
        false,
        false,
        false,
        false,
        false,
        false,
        false,
        false,
        false,
        false,
        false,
        false,
        false,
        false,
        false,
        false,
        false,
        false,
        false,
        false,
        false,
        false,
        false,
        false,
        false,
        false,
        false,
        false,
        false,
        false,
        false,
        false,
        false,
        false,
        false,
        false,
        false,
        false,
        false,
        false,
        false,
        false,
        false,
        false,
        false,
        false,
        false,
        false,
        false,
        false,
        false,
        false,
        false,
        false,
        false
    ],
    "stop_sign_hazard": false,
    "angle": -0.09295449672233741,
    "ego_matrix": [
        [
            0.6946628093719482,
            0.7193354964256287,
            -7.705293683102354e-05,
            22.53559112548828
        ],
        [
            -0.7193354964256287,
            0.6946628093719482,
            -1.988774056371767e-05,
            -291.9848327636719
        ],
        [
            3.9219852624228224e-05,
            6.924218905624002e-05,
            1.0,
            0.03339779004454613
        ],
        [
            0.0,
            0.0,
            0.0,
            1.0
        ]
    ]
}