{
    "x": 292.09493534086715,
    "y": 22.68936923258535,
    "theta": 0.8075045347213745,
    "speed": 0.9010525589816245,
    "target_speed": 4.0,
    "x_command": 327.1312438514933,
    "y_command": 51.776363443372965,
    "command": 4,
    "waypoints": [
        [
            292.35888671875,
            23.10300636291504,
            0.8538567165887526
        ],
        [
            292.67401123046875,
            23.617868423461914,
            0.9134022022437799
        ],
        [
            293.0418701171875,
            24.22425651550293,
            0.9578644755909798
        ],
        [
            293.48760986328125,
            24.906415939331055,
            0.9722658520807195
        ],
        [
            294.0299072265625,
            25.650129318237305,
            0.955218358731877
        ],
        [
            294.6916198730469,
            26.43415069580078,
            0.9075287336176646
        ],
        [
            295.4931640625,
            27.232820510864258,
            0.8343181023562501
        ],
        [
            296.4397277832031,
            28.029449462890625,
            0.7502259946178536
        ]
    ],
    "steer": 0.408,
    "throttle": 0.75,
    "brake": false,
    "junction": false,
    "vehicle_hazard": [
        false,
        false,
        false,
        false,
        false,
        false,
        false,
        false,
        false,
        false,
        false,
        false,
        false,
        false,
        false,
        false,
        false,
        false,
        false,
        false,
        false,
        false,
        false,
        false,
        false,
        false,
        false,
        false,
        false,
        false,
        false,
        false,
        false,
        false,
        false,
        false,
        false,
        false,
        false,
        false,
        false,
        false,
        false,
        false,
        false,
        false,
        false,
        false,
        false,
        false,
        false,
        false,
        false,
        false,
        false,
        false,
        false,
        false,
        false,
        false,
        false,
        false,
        false,
        false,
        false,
        false,
        false,
        false,
        false,
        false,
        false,
        false,
        false,
        false,
        false,
        false,
        false,
        false,
        false,
        false
    ],
    "light_hazard": false,
    "walker_hazard": [
        false,
        false,
        false,
        false,
        false,
        false,
        false,
        false,
        false,
        false,
        false,
        false,
        false,
        false,
        false,
        false,
        false,
        false,
        false,
        false,
        false,
        false,
        false,
        false,
        false,
        false,
        false,
        false,
        false,
        false,
        false,
        false,
        false,
        false,
        false,
        false,
        false,
        false,
        false,
        false,
        false,
        false,
        false,
        false,
        false,
        false,
        false,
        false,
        false,
        false,
        false,
        false,
        false,
        false,
        false,
        false,
        false,
        false,
        false,
        false,
        false,
        false,
        false,
        false,
        false,
        false,
        false,
        false,
        false,
        false,
        false,
        false,
        false,
        false,
        false,
        false,
        false,
        false,
        false,
        false
    ],
    "stop_sign_hazard": false,
    "angle": -0.11462617953791684,
    "ego_matrix": [
        [
            0.716887354850769,
            0.6971875429153442,
            -0.001421962515451014,
            22.689369201660156
        ],
        [
            -0.6971882581710815,
            0.7168880701065063,
            -6.96335919201374e-05,
            -292.0815124511719
        ],
        [
            0.0009708402212709188,
            0.0010412951232865453,
            0.9999989867210388,
            0.03293430432677269
        ],
        [
            0.0,
            0.0,
            0.0,
            1.0
        ]
    ]
}