{
    "x": 292.54780649475725,
    "y": 23.494649919107736,
    "theta": 0.9437081813812256,
    "speed": 2.513449468264478,
    "target_speed": 4.0,
    "x_command": 327.1312438514933,
    "y_command": 51.776363443372965,
    "command": 4,
    "waypoints": [
        [
            293.1963195800781,
            24.618083953857422,
            0.9933779950432954
        ],
        [
            293.9883728027344,
            25.783926010131836,
            0.9760723082267697
        ],
        [
            294.96893310546875,
            26.938217163085938,
            0.8943133959193916
        ],
        [
            296.1665344238281,
            28.02916717529297,
            0.7761551967811375
        ],
        [
            297.57305908203125,
            29.0295467376709,
            0.6534437245481476
        ],
        [
            299.1470031738281,
            29.967382431030273,
            0.5617191968626658
        ],
        [
            300.840576171875,
            30.904613494873047,
            0.5178195162957453
        ],
        [
            302.5718688964844,
            31.89029312133789,
            0.5202358689318012
        ]
    ],
    "steer": 0.298,
    "throttle": 0.75,
    "brake": false,
    "junction": false,
    "vehicle_hazard": [
        false,
        false,
        false,
        false,
        false,
        false,
        false,
        false,
        false,
        false,
        false,
        false,
        false,
        false,
        false,
        false,
        false,
        false,
        false,
        false,
        false,
        false,
        false,
        false,
        false,
        false,
        false,
        false,
        false,
        false,
        false,
        false,
        false,
        false,
        false,
        false,
        false,
        false,
        false,
        false,
        false,
        false,
        false,
        false,
        false,
        false,
        false,
        false,
        false,
        false,
        false,
        false,
        false,
        false,
        false,
        false,
        false,
        false,
        false,
        false,
        false,
        false,
        false,
        false,
        false,
        false,
        false,
        false,
        false,
        false,
        false,
        false,
        false,
        false,
        false,
        false,
        false,
        false,
        false,
        false
    ],
    "light_hazard": false,
    "walker_hazard": [
        false,
        false,
        false,
        false,
        false,
        false,
        false,
        false,
        false,
        false,
        false,
        false,
        false,
        false,
        false,
        false,
        false,
        false,
        false,
        false,
        false,
        false,
        false,
        false,
        false,
        false,
        false,
        false,
        false,
        false,
        false,
        false,
        false,
        false,
        false,
        false,
        false,
        false,
        false,
        false,
        false,
        false,
        false,
        false,
        false,
        false,
        false,
        false,
        false,
        false,
        false,
        false,
        false,
        false,
        false,
        false,
        false,
        false,
        false,
        false,
        false,
        false,
        false,
        false,
        false,
        false,
        false,
        false,
        false,
        false,
        false,
        false,
        false,
        false,
        false,
        false,
        false,
        false,
        false,
        false
    ],
    "stop_sign_hazard": false,
    "angle": 0.04987539733699631,
    "ego_matrix": [
        [
            0.800510823726654,
            0.5993152856826782,
            -0.0019049446564167738,
            23.49464988708496
        ],
        [
            -0.5993168354034424,
            0.8005118370056152,
            -0.00033238710602745414,
            -292.53436279296875
        ],
        [
            0.001325726043432951,
            0.0014077448286116123,
            0.9999980926513672,
            0.03275764733552933
        ],
        [
            0.0,
            0.0,
            0.0,
            1.0
        ]
    ]
}