{
    "x": 293.288990454887,
    "y": 24.909933124161743,
    "theta": 1.0318206548690796,
    "speed": 3.7861195786396284,
    "target_speed": 4.0,
    "x_command": 327.1312438514933,
    "y_command": 51.776363443372965,
    "command": 4,
    "waypoints": [
        [
            294.3953857421875,
            26.4892520904541,
            0.9589184215923786
        ],
        [
            295.7898864746094,
            27.909645080566406,
            0.8148823527208519
        ],
        [
            297.40472412109375,
            29.098337173461914,
            0.6604162797561386
        ],
        [
            299.15277099609375,
            30.096895217895508,
            0.5419574097308146
        ],
        [
            300.94464111328125,
            31.021549224853516,
            0.48957436266950105
        ],
        [
            302.72076416015625,
            31.97671890258789,
            0.49629411731101625
        ],
        [
            304.4478759765625,
            33.01765441894531,
            0.5377827715640608
        ],
        [
            306.11749267578125,
            34.14863204956055,
            0.58749866279366
        ]
    ],
    "steer": -0.032,
    "throttle": 0.75,
    "brake": false,
    "junction": false,
    "vehicle_hazard": [
        false,
        false,
        false,
        false,
        false,
        false,
        false,
        false,
        false,
        false,
        false,
        false,
        false,
        false,
        false,
        false,
        false,
        false,
        false,
        false,
        false,
        false,
        false,
        false,
        false,
        false,
        false,
        false,
        false,
        false,
        false,
        false,
        false,
        false,
        false,
        false,
        false,
        false,
        false,
        false,
        false,
        false,
        false,
        false,
        false,
        false,
        false,
        false,
        false,
        false,
        false,
        false,
        false,
        false,
        false,
        false,
        false,
        false,
        false,
        false,
        false,
        false,
        false,
        false,
        false,
        false,
        false,
        false,
        false,
        false,
        false,
        false,
        false,
        false,
        false,
        false,
        false,
        false,
        false,
        false
    ],
    "light_hazard": false,
    "walker_hazard": [
        false,
        false,
        false,
        false,
        false,
        false,
        false,
        false,
        false,
        false,
        false,
        false,
        false,
        false,
        false,
        false,
        false,
        false,
        false,
        false,
        false,
        false,
        false,
        false,
        false,
        false,
        false,
        false,
        false,
        false,
        false,
        false,
        false,
        false,
        false,
        false,
        false,
        false,
        false,
        false,
        false,
        false,
        false,
        false,
        false,
        false,
        false,
        false,
        false,
        false,
        false,
        false,
        false,
        false,
        false,
        false,
        false,
        false,
        false,
        false,
        false,
        false,
        false,
        false,
        false,
        false,
        false,
        false,
        false,
        false,
        false,
        false,
        false,
        false,
        false,
        false,
        false,
        false,
        false,
        false
    ],
    "stop_sign_hazard": false,
    "angle": 0.03919185498185735,
    "ego_matrix": [
        [
            0.858834445476532,
            0.5122532248497009,
            -0.00024046411272138357,
            24.90993309020996
        ],
        [
            -0.5122519135475159,
            0.8588331937789917,
            0.0018988645169883966,
            -293.2755126953125
        ],
        [
            0.0011792179429903626,
            -0.0015076319687068462,
            0.999998152256012,
            0.032830312848091125
        ],
        [
            0.0,
            0.0,
            0.0,
            1.0
        ]
    ]
}