{
    "x": 294.46436795655455,
    "y": 26.567379034013584,
    "theta": 0.9375221729278564,
    "speed": 3.89273269562733,
    "target_speed": 4.0,
    "x_command": 327.1312438514933,
    "y_command": 51.776363443372965,
    "command": 4,
    "waypoints": [
        [
            295.8418273925781,
            27.965286254882812,
            0.8090002954002211
        ],
        [
            297.4560852050781,
            29.14255142211914,
            0.6559731283724777
        ],
        [
            299.1997985839844,
            30.13294219970703,
            0.5394700838517079
        ],
        [
            300.9853210449219,
            31.05143165588379,
            0.48847734003747
        ],
        [
            302.7550048828125,
            32.001399993896484,
            0.49556094906291737
        ],
        [
            304.4756164550781,
            33.03757858276367,
            0.5372189803612912
        ],
        [
            306.13861083984375,
            34.16403579711914,
            0.5872943317590238
        ],
        [
            307.7564392089844,
            35.354644775390625,
            0.6269456045969956
        ]
    ],
    "steer": -0.206,
    "throttle": 0.7160931104827255,
    "brake": false,
    "junction": false,
    "vehicle_hazard": [
        false,
        false,
        false,
        false,
        false,
        false,
        false,
        false,
        false,
        false,
        false,
        false,
        false,
        false,
        false,
        false,
        false,
        false,
        false,
        false,
        false,
        false,
        false,
        false,
        false,
        false,
        false,
        false,
        false,
        false,
        false,
        false,
        false,
        false,
        false,
        false,
        false,
        false,
        false,
        false,
        false,
        false,
        false,
        false,
        false,
        false,
        false,
        false,
        false,
        false,
        false,
        false,
        false,
        false,
        false,
        false,
        false,
        false,
        false,
        false,
        false,
        false,
        false,
        false,
        false,
        false,
        false,
        false,
        false,
        false,
        false,
        false,
        false,
        false,
        false,
        false,
        false,
        false,
        false,
        false
    ],
    "light_hazard": false,
    "walker_hazard": [
        false,
        false,
        false,
        false,
        false,
        false,
        false,
        false,
        false,
        false,
        false,
        false,
        false,
        false,
        false,
        false,
        false,
        false,
        false,
        false,
        false,
        false,
        false,
        false,
        false,
        false,
        false,
        false,
        false,
        false,
        false,
        false,
        false,
        false,
        false,
        false,
        false,
        false,
        false,
        false,
        false,
        false,
        false,
        false,
        false,
        false,
        false,
        false,
        false,
        false,
        false,
        false,
        false,
        false,
        false,
        false,
        false,
        false,
        false,
        false,
        false,
        false,
        false,
        false,
        false,
        false,
        false,
        false,
        false,
        false,
        false,
        false,
        false,
        false,
        false,
        false,
        false,
        false,
        false,
        false
    ],
    "stop_sign_hazard": false,
    "angle": 0.01454390931673708,
    "ego_matrix": [
        [
            0.814498245716095,
            0.580163836479187,
            0.0016042584320530295,
            26.567378997802734
        ],
        [
            -0.5801660418510437,
            0.8144960403442383,
            0.0019025106448680162,
            -294.4508361816406
        ],
        [
            -0.0002028942108154297,
            -0.0024803278502076864,
            0.9999969005584717,
            0.033517640084028244
        ],
        [
            0.0,
            0.0,
            0.0,
            1.0
        ]
    ]
}