{
    "x": 295.86265608828484,
    "y": 27.90071872699301,
    "theta": 0.7690773010253906,
    "speed": 4.1201695546809,
    "target_speed": 4.0,
    "x_command": 327.1312438514933,
    "y_command": 51.776363443372965,
    "command": 4,
    "waypoints": [
        [
            297.51953125,
            29.111799240112305,
            0.6472976813844628
        ],
        [
            299.31561279296875,
            30.14527130126953,
            0.540499795087187
        ],
        [
            301.15185546875,
            31.115201950073242,
            0.4969261520167192
        ],
        [
            302.97027587890625,
            32.122703552246094,
            0.5080688845966381
        ],
        [
            304.7390441894531,
            33.215362548828125,
            0.5493428214867953
        ],
        [
            306.4518127441406,
            34.39401626586914,
            0.5962141237770535
        ],
        [
            308.1217346191406,
            35.63278579711914,
            0.6321787161390012
        ],
        [
            309.7700500488281,
            36.90028762817383,
            0.6516925629733661
        ]
    ],
    "steer": -0.237,
    "throttle": 0.08387393365293827,
    "brake": false,
    "junction": false,
    "vehicle_hazard": [
        false,
        false,
        false,
        false,
        false,
        false,
        false,
        false,
        false,
        false,
        false,
        false,
        false,
        false,
        false,
        false,
        false,
        false,
        false,
        false,
        false,
        false,
        false,
        false,
        false,
        false,
        false,
        false,
        false,
        false,
        false,
        false,
        false,
        false,
        false,
        false,
        false,
        false,
        false,
        false,
        false,
        false,
        false,
        false,
        false,
        false,
        false,
        false,
        false,
        false,
        false,
        false,
        false,
        false,
        false,
        false,
        false,
        false,
        false,
        false,
        false,
        false,
        false,
        false,
        false,
        false,
        false,
        false,
        false,
        false,
        false,
        false,
        false,
        false,
        false,
        false,
        false,
        false,
        false,
        false
    ],
    "light_hazard": false,
    "walker_hazard": [
        false,
        false,
        false,
        false,
        false,
        false,
        false,
        false,
        false,
        false,
        false,
        false,
        false,
        false,
        false,
        false,
        false,
        false,
        false,
        false,
        false,
        false,
        false,
        false,
        false,
        false,
        false,
        false,
        false,
        false,
        false,
        false,
        false,
        false,
        false,
        false,
        false,
        false,
        false,
        false,
        false,
        false,
        false,
        false,
        false,
        false,
        false,
        false,
        false,
        false,
        false,
        false,
        false,
        false,
        false,
        false,
        false,
        false,
        false,
        false,
        false,
        false,
        false,
        false,
        false,
        false,
        false,
        false,
        false,
        false,
        false,
        false,
        false,
        false,
        false,
        false,
        false,
        false,
        false,
        false
    ],
    "stop_sign_hazard": false,
    "angle": -0.002905902687490104,
    "ego_matrix": [
        [
            0.7085644006729126,
            0.7056448459625244,
            0.0013811839744448662,
            27.900718688964844
        ],
        [
            -0.7056460380554199,
            0.708561897277832,
            0.001923943404108286,
            -295.84906005859375
        ],
        [
            0.00037896630237810314,
            -0.0023378648329526186,
            0.9999971985816956,
            0.03322821855545044
        ],
        [
            0.0,
            0.0,
            0.0,
            1.0
        ]
    ]
}