{
    "x": 297.49215601868184,
    "y": 29.00741199632368,
    "theta": 0.6116290092468262,
    "speed": 3.7322640953817454,
    "target_speed": 4.0,
    "x_command": 327.1312438514933,
    "y_command": 51.776363443372965,
    "command": 4,
    "waypoints": [
        [
            299.1358337402344,
            29.962373733520508,
            0.5418054098115983
        ],
        [
            300.8790588378906,
            30.905223846435547,
            0.5061749775874282
        ],
        [
            302.6179504394531,
            31.893123626708984,
            0.517792285473599
        ],
        [
            304.3185119628906,
            32.956485748291016,
            0.5541589485811216
        ],
        [
            305.9761047363281,
            34.09213638305664,
            0.5941014380842936
        ],
        [
            307.59954833984375,
            35.277652740478516,
            0.6249105500500115
        ],
        [
            309.2042541503906,
            36.48865509033203,
            0.6427169777304993
        ],
        [
            310.8019714355469,
            37.708831787109375,
            0.650420304341608
        ]
    ],
    "steer": -0.181,
    "throttle": 0.75,
    "brake": false,
    "junction": false,
    "vehicle_hazard": [
        false,
        false,
        false,
        false,
        false,
        false,
        false,
        false,
        false,
        false,
        false,
        false,
        false,
        false,
        false,
        false,
        false,
        false,
        false,
        false,
        false,
        false,
        false,
        false,
        false,
        false,
        false,
        false,
        false,
        false,
        false,
        false,
        false,
        false,
        false,
        false,
        false,
        false,
        false,
        false,
        false,
        false,
        false,
        false,
        false,
        false,
        false,
        false,
        false,
        false,
        false,
        false,
        false,
        false,
        false,
        false,
        false,
        false,
        false,
        false,
        false,
        false,
        false,
        false,
        false,
        false,
        false,
        false,
        false,
        false,
        false,
        false,
        false,
        false,
        false,
        false,
        false,
        false,
        false,
        false
    ],
    "light_hazard": false,
    "walker_hazard": [
        false,
        false,
        false,
        false,
        false,
        false,
        false,
        false,
        false,
        false,
        false,
        false,
        false,
        false,
        false,
        false,
        false,
        false,
        false,
        false,
        false,
        false,
        false,
        false,
        false,
        false,
        false,
        false,
        false,
        false,
        false,
        false,
        false,
        false,
        false,
        false,
        false,
        false,
        false,
        false,
        false,
        false,
        false,
        false,
        false,
        false,
        false,
        false,
        false,
        false,
        false,
        false,
        false,
        false,
        false,
        false,
        false,
        false,
        false,
        false,
        false,
        false,
        false,
        false,
        false,
        false,
        false,
        false,
        false,
        false,
        false,
        false,
        false,
        false,
        false,
        false,
        false,
        false,
        false,
        false
    ],
    "stop_sign_hazard": false,
    "angle": -0.003480906887740532,
    "ego_matrix": [
        [
            0.5851708650588989,
            0.8109090328216553,
            0.0012631319696083665,
            29.00741195678711
        ],
        [
            -0.8109099268913269,
            0.5851708650588989,
            0.0003900717128999531,
            -297.4784851074219
        ],
        [
            -0.0004228353500366211,
            -0.0012525448109954596,
            0.9999991655349731,
            0.0336274690926075
        ],
        [
            0.0,
            0.0,
            0.0,
            1.0
        ]
    ]
}