{
    "x": 299.2623789645972,
    "y": 29.958927195374482,
    "theta": 0.5094563961029053,
    "speed": 3.9746703244414556,
    "target_speed": 4.0,
    "x_command": 327.1312438514933,
    "y_command": 51.776363443372965,
    "command": 4,
    "waypoints": [
        [
            301.006103515625,
            30.902780532836914,
            0.49930308986864214
        ],
        [
            302.73870849609375,
            31.906463623046875,
            0.5237159546862622
        ],
        [
            304.42388916015625,
            32.993858337402344,
            0.5668151556085324
        ],
        [
            306.0639953613281,
            34.150840759277344,
            0.6071599155943608
        ],
        [
            307.675048828125,
            35.34833908081055,
            0.6337451209131586
        ],
        [
            309.27447509765625,
            36.56134033203125,
            0.6459517197695368
        ],
        [
            310.87213134765625,
            37.77669906616211,
            0.6494075041790509
        ],
        [
            312.46893310546875,
            38.99318313598633,
            0.6508567298652448
        ]
    ],
    "steer": -0.06,
    "throttle": 0.19421604599818243,
    "brake": false,
    "junction": false,
    "vehicle_hazard": [
        false,
        false,
        false,
        false,
        false,
        false,
        false,
        false,
        false,
        false,
        false,
        false,
        false,
        false,
        false,
        false,
        false,
        false,
        false,
        false,
        false,
        false,
        false,
        false,
        false,
        false,
        false,
        false,
        false,
        false,
        false,
        false,
        false,
        false,
        false,
        false,
        false,
        false,
        false,
        false,
        false,
        false,
        false,
        false,
        false,
        false,
        false,
        false,
        false,
        false,
        false,
        false,
        false,
        false,
        false,
        false,
        false,
        false,
        false,
        false,
        false,
        false,
        false,
        false,
        false,
        false,
        false,
        false,
        false,
        false,
        false,
        false,
        false,
        false,
        false,
        false,
        false,
        false,
        false,
        false
    ],
    "light_hazard": false,
    "walker_hazard": [
        false,
        false,
        false,
        false,
        false,
        false,
        false,
        false,
        false,
        false,
        false,
        false,
        false,
        false,
        false,
        false,
        false,
        false,
        false,
        false,
        false,
        false,
        false,
        false,
        false,
        false,
        false,
        false,
        false,
        false,
        false,
        false,
        false,
        false,
        false,
        false,
        false,
        false,
        false,
        false,
        false,
        false,
        false,
        false,
        false,
        false,
        false,
        false,
        false,
        false,
        false,
        false,
        false,
        false,
        false,
        false,
        false,
        false,
        false,
        false,
        false,
        false,
        false,
        false,
        false,
        false,
        false,
        false,
        false,
        false,
        false,
        false,
        false,
        false,
        false,
        false,
        false,
        false,
        false,
        false
    ],
    "stop_sign_hazard": false,
    "angle": 0.005095559494339865,
    "ego_matrix": [
        [
            0.49312666058540344,
            0.869957447052002,
            0.0003483874024823308,
            29.958927154541016
        ],
        [
            -0.8699575066566467,
            0.49312666058540344,
            0.00013869453687220812,
            -299.2486267089844
        ],
        [
            -5.114078157930635e-05,
            -0.0003714762278832495,
            0.9999999403953552,
            0.03344261273741722
        ],
        [
            0.0,
            0.0,
            0.0,
            1.0
        ]
    ]
}