{
    "x": 300.95001755279543,
    "y": 30.83801845939005,
    "theta": 0.49239325523376465,
    "speed": 4.0287711738274,
    "target_speed": 4.0,
    "x_command": 327.1312438514933,
    "y_command": 51.776363443372965,
    "command": 4,
    "waypoints": [
        [
            302.6827697753906,
            31.84648323059082,
            0.5214492717034687
        ],
        [
            304.38043212890625,
            32.94655990600586,
            0.5682911460636817
        ],
        [
            306.0326232910156,
            34.1216926574707,
            0.610787473894185
        ],
        [
            307.6578063964844,
            35.33854675292969,
            0.6372802675231569
        ],
        [
            309.2735900878906,
            36.56871795654297,
            0.6480502907085193
        ],
        [
            310.889892578125,
            37.798179626464844,
            0.6496855381968552
        ],
        [
            312.5068664550781,
            39.02676773071289,
            0.6498547155051024
        ],
        [
            314.1177673339844,
            40.26332092285156,
            0.654309385060478
        ]
    ],
    "steer": 0.028,
    "throttle": 0.0,
    "brake": false,
    "junction": false,
    "vehicle_hazard": [
        false,
        false,
        false,
        false,
        false,
        false,
        false,
        false,
        false,
        false,
        false,
        false,
        false,
        false,
        false,
        false,
        false,
        false,
        false,
        false,
        false,
        false,
        false,
        false,
        false,
        false,
        false,
        false,
        false,
        false,
        false,
        false,
        false,
        false,
        false,
        false,
        false,
        false,
        false,
        false,
        false,
        false,
        false,
        false,
        false,
        false,
        false,
        false,
        false,
        false,
        false,
        false,
        false,
        false,
        false,
        false,
        false,
        false,
        false,
        false,
        false,
        false,
        false,
        false,
        false,
        false,
        false,
        false,
        false,
        false,
        false,
        false,
        false,
        false,
        false,
        false,
        false,
        false,
        false,
        false
    ],
    "light_hazard": false,
    "walker_hazard": [
        false,
        false,
        false,
        false,
        false,
        false,
        false,
        false,
        false,
        false,
        false,
        false,
        false,
        false,
        false,
        false,
        false,
        false,
        false,
        false,
        false,
        false,
        false,
        false,
        false,
        false,
        false,
        false,
        false,
        false,
        false,
        false,
        false,
        false,
        false,
        false,
        false,
        false,
        false,
        false,
        false,
        false,
        false,
        false,
        false,
        false,
        false,
        false,
        false,
        false,
        false,
        false,
        false,
        false,
        false,
        false,
        false,
        false,
        false,
        false,
        false,
        false,
        false,
        false,
        false,
        false,
        false,
        false,
        false,
        false,
        false,
        false,
        false,
        false,
        false,
        false,
        false,
        false,
        false,
        false
    ],
    "stop_sign_hazard": false,
    "angle": 0.012731238052175131,
    "ego_matrix": [
        [
            0.4715428650379181,
            0.8818429708480835,
            -0.0006091860122978687,
            30.8380184173584
        ],
        [
            -0.881843090057373,
            0.47154298424720764,
            8.763985533732921e-05,
            -300.9361877441406
        ],
        [
            0.0003645419783424586,
            0.0004958804929628968,
            0.9999998211860657,
            0.033236049115657806
        ],
        [
            0.0,
            0.0,
            0.0,
            1.0
        ]
    ]
}