{
    "x": 302.66490959188235,
    "y": 31.83500866460635,
    "theta": 0.5299393534660339,
    "speed": 3.680395402757605,
    "target_speed": 4.0,
    "x_command": 327.1312438514933,
    "y_command": 51.776363443372965,
    "command": 4,
    "waypoints": [
        [
            304.2353515625,
            32.86103057861328,
            0.5668798704230213
        ],
        [
            305.8453369140625,
            33.999061584472656,
            0.607528563668255
        ],
        [
            307.44866943359375,
            35.19125747680664,
            0.6338166267884272
        ],
        [
            309.0477294921875,
            36.401058197021484,
            0.6449487733030129
        ],
        [
            310.64971923828125,
            37.614383697509766,
            0.6474593352626307
        ],
        [
            312.2523498535156,
            38.82908248901367,
            0.6485761318657554
        ],
        [
            313.8493347167969,
            40.051414489746094,
            0.6530435180153361
        ],
        [
            315.43267822265625,
            41.29140090942383,
            0.6632066733672964
        ]
    ],
    "steer": 0.068,
    "throttle": 0.75,
    "brake": false,
    "junction": false,
    "vehicle_hazard": [
        false,
        false,
        false,
        false,
        false,
        false,
        false,
        false,
        false,
        false,
        false,
        false,
        false,
        false,
        false,
        false,
        false,
        false,
        false,
        false,
        false,
        false,
        false,
        false,
        false,
        false,
        false,
        false,
        false,
        false,
        false,
        false,
        false,
        false,
        false,
        false,
        false,
        false,
        false,
        false,
        false,
        false,
        false,
        false,
        false,
        false,
        false,
        false,
        false,
        false,
        false,
        false,
        false,
        false,
        false,
        false,
        false,
        false,
        false,
        false,
        false,
        false,
        false,
        false,
        false,
        false,
        false,
        false,
        false,
        false,
        false,
        false,
        false,
        false,
        false,
        false,
        false,
        false,
        false,
        false
    ],
    "light_hazard": false,
    "walker_hazard": [
        false,
        false,
        false,
        false,
        false,
        false,
        false,
        false,
        false,
        false,
        false,
        false,
        false,
        false,
        false,
        false,
        false,
        false,
        false,
        false,
        false,
        false,
        false,
        false,
        false,
        false,
        false,
        false,
        false,
        false,
        false,
        false,
        false,
        false,
        false,
        false,
        false,
        false,
        false,
        false,
        false,
        false,
        false,
        false,
        false,
        false,
        false,
        false,
        false,
        false,
        false,
        false,
        false,
        false,
        false,
        false,
        false,
        false,
        false,
        false,
        false,
        false,
        false,
        false,
        false,
        false,
        false,
        false,
        false,
        false,
        false,
        false,
        false,
        false,
        false,
        false,
        false,
        false,
        false,
        false
    ],
    "stop_sign_hazard": false,
    "angle": 0.014719420420552048,
    "ego_matrix": [
        [
            0.5011786222457886,
            0.8653437495231628,
            -0.00039473676588386297,
            31.83500862121582
        ],
        [
            -0.8653436899185181,
            0.5011782050132751,
            -0.0007892993162386119,
            -302.6510009765625
        ],
        [
            -0.0004851817502640188,
            0.0007371628889814019,
            0.9999995827674866,
            0.03365901857614517
        ],
        [
            0.0,
            0.0,
            0.0,
            1.0
        ]
    ]
}