{
    "x": 304.3084787705368,
    "y": 32.92995838838878,
    "theta": 0.5844520330429077,
    "speed": 4.068162679614427,
    "target_speed": 4.0,
    "x_command": 327.1312438514933,
    "y_command": 51.776363443372965,
    "command": 4,
    "waypoints": [
        [
            305.9541320800781,
            34.11090087890625,
            0.6128345792451018
        ],
        [
            307.5954284667969,
            35.326995849609375,
            0.6334771403284694
        ],
        [
            309.23260498046875,
            36.55457305908203,
            0.6414875294132641
        ],
        [
            310.8706970214844,
            37.783905029296875,
            0.6433641258753885
        ],
        [
            312.50604248046875,
            39.01695251464844,
            0.6459232905249002
        ],
        [
            314.13134765625,
            40.263221740722656,
            0.6533732173582878
        ],
        [
            315.7398376464844,
            41.531063079833984,
            0.6660550573111906
        ],
        [
            317.3268127441406,
            42.82575225830078,
            0.6822057311629489
        ]
    ],
    "steer": 0.063,
    "throttle": 0.04930737955275198,
    "brake": false,
    "junction": false,
    "vehicle_hazard": [
        false,
        false,
        false,
        false,
        false,
        false,
        false,
        false,
        false,
        false,
        false,
        false,
        false,
        false,
        false,
        false,
        false,
        false,
        false,
        false,
        false,
        false,
        false,
        false,
        false,
        false,
        false,
        false,
        false,
        false,
        false,
        false,
        false,
        false,
        false,
        false,
        false,
        false,
        false,
        false,
        false,
        false,
        false,
        false,
        false,
        false,
        false,
        false,
        false,
        false,
        false,
        false,
        false,
        false,
        false,
        false,
        false,
        false,
        false,
        false,
        false,
        false,
        false,
        false,
        false,
        false,
        false,
        false,
        false,
        false,
        false,
        false,
        false,
        false,
        false,
        false,
        false,
        false,
        false,
        false
    ],
    "light_hazard": false,
    "walker_hazard": [
        false,
        false,
        false,
        false,
        false,
        false,
        false,
        false,
        false,
        false,
        false,
        false,
        false,
        false,
        false,
        false,
        false,
        false,
        false,
        false,
        false,
        false,
        false,
        false,
        false,
        false,
        false,
        false,
        false,
        false,
        false,
        false,
        false,
        false,
        false,
        false,
        false,
        false,
        false,
        false,
        false,
        false,
        false,
        false,
        false,
        false,
        false,
        false,
        false,
        false,
        false,
        false,
        false,
        false,
        false,
        false,
        false,
        false,
        false,
        false,
        false,
        false,
        false,
        false,
        false,
        false,
        false,
        false,
        false,
        false,
        false,
        false,
        false,
        false,
        false,
        false,
        false,
        false,
        false,
        false
    ],
    "stop_sign_hazard": false,
    "angle": 0.016931493900842788,
    "ego_matrix": [
        [
            0.5474134087562561,
            0.8368619680404663,
            -0.0007013898575678468,
            32.92995834350586
        ],
        [
            -0.8368622064590454,
            0.5474134683609009,
            -0.00015566835645586252,
            -304.29449462890625
        ],
        [
            0.0002536773681640625,
            0.0006721816607750952,
            0.9999997019767761,
            0.0332912839949131
        ],
        [
            0.0,
            0.0,
            0.0,
            1.0
        ]
    ]
}