{
    "x": 305.84083678301363,
    "y": 34.046562241229054,
    "theta": 0.6236506104469299,
    "speed": 3.8730665265222615,
    "target_speed": 4.0,
    "x_command": 327.1312438514933,
    "y_command": 51.776363443372965,
    "command": 4,
    "waypoints": [
        [
            307.40618896484375,
            35.218116760253906,
            0.6347823555787172
        ],
        [
            309.0076599121094,
            36.41009521484375,
            0.638658986019491
        ],
        [
            310.61688232421875,
            37.60419845581055,
            0.6384364123313877
        ],
        [
            312.2268981933594,
            38.80419158935547,
            0.6406675421136288
        ],
        [
            313.8272705078125,
            40.01985168457031,
            0.6488708106403727
        ],
        [
            315.40966796875,
            41.25910186767578,
            0.6625997389548673
        ],
        [
            316.97039794921875,
            42.525550842285156,
            0.6792306473301942
        ],
        [
            318.5084228515625,
            43.81947708129883,
            0.6965870007864586
        ]
    ],
    "steer": 0.035,
    "throttle": 0.6205834272679276,
    "brake": false,
    "junction": false,
    "vehicle_hazard": [
        false,
        false,
        false,
        false,
        false,
        false,
        false,
        false,
        false,
        false,
        false,
        false,
        false,
        false,
        false,
        false,
        false,
        false,
        false,
        false,
        false,
        false,
        false,
        false,
        false,
        false,
        false,
        false,
        false,
        false,
        false,
        false,
        false,
        false,
        false,
        false,
        false,
        false,
        false,
        false,
        false,
        false,
        false,
        false,
        false,
        false,
        false,
        false,
        false,
        false,
        false,
        false,
        false,
        false,
        false,
        false,
        false,
        false,
        false,
        false,
        false,
        false,
        false,
        false,
        false,
        false,
        false,
        false,
        false,
        false,
        false,
        false,
        false,
        false,
        false,
        false,
        false,
        false,
        false,
        false
    ],
    "light_hazard": false,
    "walker_hazard": [
        false,
        false,
        false,
        false,
        false,
        false,
        false,
        false,
        false,
        false,
        false,
        false,
        false,
        false,
        false,
        false,
        false,
        false,
        false,
        false,
        false,
        false,
        false,
        false,
        false,
        false,
        false,
        false,
        false,
        false,
        false,
        false,
        false,
        false,
        false,
        false,
        false,
        false,
        false,
        false,
        false,
        false,
        false,
        false,
        false,
        false,
        false,
        false,
        false,
        false,
        false,
        false,
        false,
        false,
        false,
        false,
        false,
        false,
        false,
        false,
        false,
        false,
        false,
        false,
        false,
        false,
        false,
        false,
        false,
        false,
        false,
        false,
        false,
        false,
        false,
        false,
        false,
        false,
        false,
        false
    ],
    "stop_sign_hazard": false,
    "angle": 0.015475895022880218,
    "ego_matrix": [
        [
            0.5814486145973206,
            0.8135830760002136,
            -0.0002816334890667349,
            34.04656219482422
        ],
        [
            -0.8135831356048584,
            0.5814485549926758,
            -5.387387500377372e-05,
            -305.8267822265625
        ],
        [
            0.00011992453801212832,
            0.00026045716367661953,
            0.9999999403953552,
            0.03335777297616005
        ],
        [
            0.0,
            0.0,
            0.0,
            1.0
        ]
    ]
}