{
    "x": 307.4430222251108,
    "y": 35.253570604690594,
    "theta": 0.6413877010345459,
    "speed": 3.751760274787337,
    "target_speed": 4.0,
    "x_command": 327.1312438514933,
    "y_command": 51.776363443372965,
    "command": 4,
    "waypoints": [
        [
            308.9698791503906,
            36.40236282348633,
            0.6401783194213811
        ],
        [
            310.5658264160156,
            37.582305908203125,
            0.6372590288134636
        ],
        [
            312.17352294921875,
            38.772491455078125,
            0.6377608349418619
        ],
        [
            313.7742614746094,
            39.97978591918945,
            0.6456117672563881
        ],
        [
            315.35809326171875,
            41.213836669921875,
            0.6601073530696895
        ],
        [
            316.91888427734375,
            42.47806167602539,
            0.6781213741571489
        ],
        [
            318.4559326171875,
            43.771175384521484,
            0.6964705540677949
        ],
        [
            319.9712829589844,
            45.089637756347656,
            0.7132023962484356
        ]
    ],
    "steer": 0.007,
    "throttle": 0.75,
    "brake": false,
    "junction": false,
    "vehicle_hazard": [
        false,
        false,
        false,
        false,
        false,
        false,
        false,
        false,
        false,
        false,
        false,
        false,
        false,
        false,
        false,
        false,
        false,
        false,
        false,
        false,
        false,
        false,
        false,
        false,
        false,
        false,
        false,
        false,
        false,
        false,
        false,
        false,
        false,
        false,
        false,
        false,
        false,
        false,
        false,
        false,
        false,
        false,
        false,
        false,
        false,
        false,
        false,
        false,
        false,
        false,
        false,
        false,
        false,
        false,
        false,
        false,
        false,
        false,
        false,
        false,
        false,
        false,
        false,
        false,
        false,
        false,
        false,
        false,
        false,
        false,
        false,
        false,
        false,
        false,
        false,
        false,
        false,
        false,
        false,
        false
    ],
    "light_hazard": false,
    "walker_hazard": [
        false,
        false,
        false,
        false,
        false,
        false,
        false,
        false,
        false,
        false,
        false,
        false,
        false,
        false,
        false,
        false,
        false,
        false,
        false,
        false,
        false,
        false,
        false,
        false,
        false,
        false,
        false,
        false,
        false,
        false,
        false,
        false,
        false,
        false,
        false,
        false,
        false,
        false,
        false,
        false,
        false,
        false,
        false,
        false,
        false,
        false,
        false,
        false,
        false,
        false,
        false,
        false,
        false,
        false,
        false,
        false,
        false,
        false,
        false,
        false,
        false,
        false,
        false,
        false,
        false,
        false,
        false,
        false,
        false,
        false,
        false,
        false,
        false,
        false,
        false,
        false,
        false,
        false,
        false,
        false
    ],
    "stop_sign_hazard": false,
    "angle": 0.012293080000566304,
    "ego_matrix": [
        [
            0.5976887345314026,
            0.8017281889915466,
            0.0002651714312378317,
            35.253570556640625
        ],
        [
            -0.8017281293869019,
            0.5976887941360474,
            -0.0002971561625599861,
            -307.42889404296875
        ],
        [
            -0.00039672848652116954,
            -3.4988490369869396e-05,
            0.9999999403953552,
            0.03361472859978676
        ],
        [
            0.0,
            0.0,
            0.0,
            1.0
        ]
    ]
}