{
    "x": 308.98972416052345,
    "y": 36.411705066718326,
    "theta": 0.6411618590354919,
    "speed": 4.147164961570642,
    "target_speed": 4.0,
    "x_command": 327.1312438514933,
    "y_command": 51.776363443372965,
    "command": 4,
    "waypoints": [
        [
            310.6452941894531,
            37.646583557128906,
            0.6374022403010826
        ],
        [
            312.3193054199219,
            38.8863525390625,
            0.6379822102074747
        ],
        [
            313.9847412109375,
            40.14427185058594,
            0.6464443379921742
        ],
        [
            315.63043212890625,
            41.431610107421875,
            0.6622245661363024
        ],
        [
            317.25042724609375,
            42.75143814086914,
            0.6813131727236089
        ],
        [
            318.84454345703125,
            44.102420806884766,
            0.7004597696436518
        ],
        [
            320.4154357910156,
            45.48033142089844,
            0.7176337631442731
        ],
        [
            321.9669189453125,
            46.88009262084961,
            0.731964898760262
        ]
    ],
    "steer": -0.005,
    "throttle": 0.05682174826796628,
    "brake": false,
    "junction": false,
    "vehicle_hazard": [
        false,
        false,
        false,
        false,
        false,
        false,
        false,
        false,
        false,
        false,
        false,
        false,
        false,
        false,
        false,
        false,
        false,
        false,
        false,
        false,
        false,
        false,
        false,
        false,
        false,
        false,
        false,
        false,
        false,
        false,
        false,
        false,
        false,
        false,
        false,
        false,
        false,
        false,
        false,
        false,
        false,
        false,
        false,
        false,
        false,
        false,
        false,
        false,
        false,
        false,
        false,
        false,
        false,
        false,
        false,
        false,
        false,
        false,
        false,
        false,
        false,
        false,
        false,
        false,
        false,
        false,
        false,
        false,
        false,
        false,
        false,
        false,
        false,
        false,
        false,
        false,
        false,
        false,
        false,
        false
    ],
    "light_hazard": false,
    "walker_hazard": [
        false,
        false,
        false,
        false,
        false,
        false,
        false,
        false,
        false,
        false,
        false,
        false,
        false,
        false,
        false,
        false,
        false,
        false,
        false,
        false,
        false,
        false,
        false,
        false,
        false,
        false,
        false,
        false,
        false,
        false,
        false,
        false,
        false,
        false,
        false,
        false,
        false,
        false,
        false,
        false,
        false,
        false,
        false,
        false,
        false,
        false,
        false,
        false,
        false,
        false,
        false,
        false,
        false,
        false,
        false,
        false,
        false,
        false,
        false,
        false,
        false,
        false,
        false,
        false,
        false,
        false,
        false,
        false,
        false,
        false,
        false,
        false,
        false,
        false,
        false,
        false,
        false,
        false,
        false,
        false
    ],
    "stop_sign_hazard": false,
    "angle": 0.010684701494096057,
    "ego_matrix": [
        [
            0.5983636975288391,
            0.8012245893478394,
            -0.00017547461902722716,
            36.411705017089844
        ],
        [
            -0.801224410533905,
            0.5983636975288391,
            0.0005200316663831472,
            -308.97552490234375
        ],
        [
            0.0005216597928665578,
            -0.00017057350487448275,
            0.9999998807907104,
            0.033157654106616974
        ],
        [
            0.0,
            0.0,
            0.0,
            1.0
        ]
    ]
}