{
    "x": 310.5377078926452,
    "y": 37.556003621744786,
    "theta": 0.6371698379516602,
    "speed": 3.717032013552107,
    "target_speed": 4.0,
    "x_command": 327.1312438514933,
    "y_command": 51.776363443372965,
    "command": 4,
    "waypoints": [
        [
            312.0556335449219,
            38.68931579589844,
            0.6373714807904922
        ],
        [
            313.6376647949219,
            39.879207611083984,
            0.6443652081291493
        ],
        [
            315.2175598144531,
            41.10536193847656,
            0.6583053916971147
        ],
        [
            316.7794494628906,
            42.36482238769531,
            0.676022137427894
        ],
        [
            318.32037353515625,
            43.65604019165039,
            0.6944987495967003
        ],
        [
            319.84014892578125,
            44.97357177734375,
            0.7114208080582
        ],
        [
            321.3409118652344,
            46.31284713745117,
            0.7260538129837493
        ],
        [
            322.82489013671875,
            47.67071533203125,
            0.738899703659801
        ]
    ],
    "steer": -0.003,
    "throttle": 0.75,
    "brake": false,
    "junction": false,
    "vehicle_hazard": [
        false,
        false,
        false,
        false,
        false,
        false,
        false,
        false,
        false,
        false,
        false,
        false,
        false,
        false,
        false,
        false,
        false,
        false,
        false,
        false,
        false,
        false,
        false,
        false,
        false,
        false,
        false,
        false,
        false,
        false,
        false,
        false,
        false,
        false,
        false,
        false,
        false,
        false,
        false,
        false,
        false,
        false,
        false,
        false,
        false,
        false,
        false,
        false,
        false,
        false,
        false,
        false,
        false,
        false,
        false,
        false,
        false,
        false,
        false,
        false,
        false,
        false,
        false,
        false,
        false,
        false,
        false,
        false,
        false,
        false,
        false,
        false,
        false,
        false,
        false,
        false,
        false,
        false,
        false,
        false
    ],
    "light_hazard": false,
    "walker_hazard": [
        false,
        false,
        false,
        false,
        false,
        false,
        false,
        false,
        false,
        false,
        false,
        false,
        false,
        false,
        false,
        false,
        false,
        false,
        false,
        false,
        false,
        false,
        false,
        false,
        false,
        false,
        false,
        false,
        false,
        false,
        false,
        false,
        false,
        false,
        false,
        false,
        false,
        false,
        false,
        false,
        false,
        false,
        false,
        false,
        false,
        false,
        false,
        false,
        false,
        false,
        false,
        false,
        false,
        false,
        false,
        false,
        false,
        false,
        false,
        false,
        false,
        false,
        false,
        false,
        false,
        false,
        false,
        false,
        false,
        false,
        false,
        false,
        false,
        false,
        false,
        false,
        false,
        false,
        false,
        false
    ],
    "stop_sign_hazard": false,
    "angle": 0.009931154242165287,
    "ego_matrix": [
        [
            0.5950503945350647,
            0.8036883473396301,
            0.00014490900503005832,
            37.55600357055664
        ],
        [
            -0.8036882877349854,
            0.5950504541397095,
            -0.00020019285148009658,
            -310.5234375
        ],
        [
            -0.0002471208281349391,
            2.6631603304849705e-06,
            0.9999999403953552,
            0.033540572971105576
        ],
        [
            0.0,
            0.0,
            0.0,
            1.0
        ]
    ]
}