{
    "x": 312.1488964351569,
    "y": 38.74841313875088,
    "theta": 0.6383874416351318,
    "speed": 3.948385889251622,
    "target_speed": 4.0,
    "x_command": 327.1312438514933,
    "y_command": 51.776363443372965,
    "command": 4,
    "waypoints": [
        [
            313.72259521484375,
            39.94431686401367,
            0.6450096265339211
        ],
        [
            315.3018798828125,
            41.17243194580078,
            0.6591760456364887
        ],
        [
            316.8609313964844,
            42.43240737915039,
            0.6770985871405041
        ],
        [
            318.39764404296875,
            43.72235107421875,
            0.6953710014327285
        ],
        [
            319.9129333496094,
            45.03790283203125,
            0.7120865317516926
        ],
        [
            321.40948486328125,
            46.374794006347656,
            0.72662945525337
        ],
        [
            322.8895263671875,
            47.72998046875,
            0.7392780056926469
        ],
        [
            324.3529357910156,
            49.10309600830078,
            0.7515921962570642
        ]
    ],
    "steer": 0.008,
    "throttle": 0.3572726868282323,
    "brake": false,
    "junction": false,
    "vehicle_hazard": [
        false,
        false,
        false,
        false,
        false,
        false,
        false,
        false,
        false,
        false,
        false,
        false,
        false,
        false,
        false,
        false,
        false,
        false,
        false,
        false,
        false,
        false,
        false,
        false,
        false,
        false,
        false,
        false,
        false,
        false,
        false,
        false,
        false,
        false,
        false,
        false,
        false,
        false,
        false,
        false,
        false,
        false,
        false,
        false,
        false,
        false,
        false,
        false,
        false,
        false,
        false,
        false,
        false,
        false,
        false,
        false,
        false,
        false,
        false,
        false,
        false,
        false,
        false,
        false,
        false,
        false,
        false,
        false,
        false,
        false,
        false,
        false,
        false,
        false,
        false,
        false,
        false,
        false,
        false,
        false
    ],
    "light_hazard": false,
    "walker_hazard": [
        false,
        false,
        false,
        false,
        false,
        false,
        false,
        false,
        false,
        false,
        false,
        false,
        false,
        false,
        false,
        false,
        false,
        false,
        false,
        false,
        false,
        false,
        false,
        false,
        false,
        false,
        false,
        false,
        false,
        false,
        false,
        false,
        false,
        false,
        false,
        false,
        false,
        false,
        false,
        false,
        false,
        false,
        false,
        false,
        false,
        false,
        false,
        false,
        false,
        false,
        false,
        false,
        false,
        false,
        false,
        false,
        false,
        false,
        false,
        false,
        false,
        false,
        false,
        false,
        false,
        false,
        false,
        false,
        false,
        false,
        false,
        false,
        false,
        false,
        false,
        false,
        false,
        false,
        false,
        false
    ],
    "stop_sign_hazard": false,
    "angle": 0.008965015253130301,
    "ego_matrix": [
        [
            0.5953710675239563,
            0.803450882434845,
            -5.868970765732229e-05,
            38.7484130859375
        ],
        [
            -0.803450882434845,
            0.5953710675239563,
            -9.972292900783941e-05,
            -312.1345520019531
        ],
        [
            -4.518031710176729e-05,
            0.00010652644414221868,
            1.0,
            0.033439751714468
        ],
        [
            0.0,
            0.0,
            0.0,
            1.0
        ]
    ]
}