{
    "x": 313.67209875369116,
    "y": 39.90015035345544,
    "theta": 0.6479465365409851,
    "speed": 4.074144699939335,
    "target_speed": 4.0,
    "x_command": 327.1312438514933,
    "y_command": 51.776363443372965,
    "command": 4,
    "waypoints": [
        [
            315.26812744140625,
            41.15291213989258,
            0.6596944299426727
        ],
        [
            316.86077880859375,
            42.438541412353516,
            0.6769154282365337
        ],
        [
            318.43280029296875,
            43.75617980957031,
            0.694969796214508
        ],
        [
            319.9842529296875,
            45.101898193359375,
            0.7119632273932219
        ],
        [
            321.51629638671875,
            46.47026824951172,
            0.7267928401862463
        ],
        [
            323.0301818847656,
            47.85869598388672,
            0.7401966631106696
        ],
        [
            324.5261535644531,
            49.26641845703125,
            0.7530301035086252
        ],
        [
            325.7183532714844,
            50.93251037597656,
            0.9289363543031848
        ]
    ],
    "steer": 0.018,
    "throttle": 0.04954990927615828,
    "brake": false,
    "junction": false,
    "vehicle_hazard": [
        false,
        false,
        false,
        false,
        false,
        false,
        false,
        false,
        false,
        false,
        false,
        false,
        false,
        false,
        false,
        false,
        false,
        false,
        false,
        false,
        false,
        false,
        false,
        false,
        false,
        false,
        false,
        false,
        false,
        false,
        false,
        false,
        false,
        false,
        false,
        false,
        false,
        false,
        false,
        false,
        false,
        false,
        false,
        false,
        false,
        false,
        false,
        false,
        false,
        false,
        false,
        false,
        false,
        false,
        false,
        false,
        false,
        false,
        false,
        false,
        false,
        false,
        false,
        false,
        false,
        false,
        false,
        false,
        false,
        false,
        false,
        false,
        false,
        false,
        false,
        false,
        false,
        false,
        false,
        false
    ],
    "light_hazard": false,
    "walker_hazard": [
        false,
        false,
        false,
        false,
        false,
        false,
        false,
        false,
        false,
        false,
        false,
        false,
        false,
        false,
        false,
        false,
        false,
        false,
        false,
        false,
        false,
        false,
        false,
        false,
        false,
        false,
        false,
        false,
        false,
        false,
        false,
        false,
        false,
        false,
        false,
        false,
        false,
        false,
        false,
        false,
        false,
        false,
        false,
        false,
        false,
        false,
        false,
        false,
        false,
        false,
        false,
        false,
        false,
        false,
        false,
        false,
        false,
        false,
        false,
        false,
        false,
        false,
        false,
        false,
        false,
        false,
        false,
        false,
        false,
        false,
        false,
        false,
        false,
        false,
        false,
        false,
        false,
        false,
        false,
        false
    ],
    "stop_sign_hazard": false,
    "angle": 0.2042680278430484,
    "ego_matrix": [
        [
            0.6024322509765625,
            0.7981699109077454,
            -0.0004375936114229262,
            39.900150299072266
        ],
        [
            -0.7981698513031006,
            0.602432370185852,
            0.00020843595848418772,
            -313.6576843261719
        ],
        [
            0.0004299878783058375,
            0.00022370550141204149,
            0.9999998807907104,
            0.03320327773690224
        ],
        [
            0.0,
            0.0,
            0.0,
            1.0
        ]
    ]
}