{
    "x": 315.2209675346031,
    "y": 41.11386114002181,
    "theta": 0.6644415855407715,
    "speed": 3.6770999611497297,
    "target_speed": 4.0,
    "x_command": 327.1312438514933,
    "y_command": 51.776363443372965,
    "command": 4,
    "waypoints": [
        [
            316.67437744140625,
            42.298160552978516,
            0.6763774031173105
        ],
        [
            318.1883850097656,
            43.56005096435547,
            0.6921947157796182
        ],
        [
            319.70306396484375,
            44.862937927246094,
            0.7078389229710706
        ],
        [
            321.20452880859375,
            46.19223403930664,
            0.7222598736948225
        ],
        [
            322.691650390625,
            47.544368743896484,
            0.7357098358851314
        ],
        [
            324.16162109375,
            48.917171478271484,
            0.7491690525602283
        ],
        [
            325.4166564941406,
            50.4783821105957,
            0.8885279447673035
        ],
        [
            326.3680725097656,
            52.24872589111328,
            1.0499484634445952
        ]
    ],
    "steer": 0.023,
    "throttle": 0.75,
    "brake": false,
    "junction": false,
    "vehicle_hazard": [
        false,
        false,
        false,
        false,
        false,
        false,
        false,
        false,
        false,
        false,
        false,
        false,
        false,
        false,
        false,
        false,
        false,
        false,
        false,
        false,
        false,
        false,
        false,
        false,
        false,
        false,
        false,
        false,
        false,
        false,
        false,
        false,
        false,
        false,
        false,
        false,
        false,
        false,
        false,
        false,
        false,
        false,
        false,
        false,
        false,
        false,
        false,
        false,
        false,
        false,
        false,
        false,
        false,
        false,
        false,
        false,
        false,
        false,
        false,
        false,
        false,
        false,
        false,
        false,
        false,
        false,
        false,
        false,
        false,
        false,
        false,
        false,
        false,
        false,
        false,
        false,
        false,
        false,
        false,
        false
    ],
    "light_hazard": false,
    "walker_hazard": [
        false,
        false,
        false,
        false,
        false,
        false,
        false,
        false,
        false,
        false,
        false,
        false,
        false,
        false,
        false,
        false,
        false,
        false,
        false,
        false,
        false,
        false,
        false,
        false,
        false,
        false,
        false,
        false,
        false,
        false,
        false,
        false,
        false,
        false,
        false,
        false,
        false,
        false,
        false,
        false,
        false,
        false,
        false,
        false,
        false,
        false,
        false,
        false,
        false,
        false,
        false,
        false,
        false,
        false,
        false,
        false,
        false,
        false,
        false,
        false,
        false,
        false,
        false,
        false,
        false,
        false,
        false,
        false,
        false,
        false,
        false,
        false,
        false,
        false,
        false,
        false,
        false,
        false,
        false,
        false
    ],
    "stop_sign_hazard": false,
    "angle": 0.15004279149992475,
    "ego_matrix": [
        [
            0.6152005195617676,
            0.788370668888092,
            0.00011650232772808522,
            41.113861083984375
        ],
        [
            -0.7883704900741577,
            0.6152005195617676,
            -0.0004731001681648195,
            -315.20648193359375
        ],
        [
            -0.00044465059181675315,
            0.00019920445629395545,
            0.9999998807907104,
            0.033638764172792435
        ],
        [
            0.0,
            0.0,
            0.0,
            1.0
        ]
    ]
}