{
    "x": 316.7596734979598,
    "y": 42.368743954232194,
    "theta": 0.6830304861068726,
    "speed": 4.052935666527005,
    "target_speed": 4.0,
    "x_command": 327.1312438514933,
    "y_command": 51.776363443372965,
    "command": 4,
    "waypoints": [
        [
            318.3017578125,
            43.670677185058594,
            0.6946540118882519
        ],
        [
            319.8444519042969,
            44.99785614013672,
            0.7083848044155096
        ],
        [
            321.3713073730469,
            46.34854507446289,
            0.7221959578286605
        ],
        [
            322.88116455078125,
            47.720672607421875,
            0.735678543742323
        ],
        [
            324.3714294433594,
            49.114131927490234,
            0.7497845756671728
        ],
        [
            325.600830078125,
            50.732852935791016,
            0.9093034641680934
        ],
        [
            326.5294189453125,
            52.54763412475586,
            1.0715720664945207
        ],
        [
            327.21832275390625,
            54.466888427734375,
            1.2044645372587746
        ]
    ],
    "steer": 0.022,
    "throttle": 0.04877312166295212,
    "brake": false,
    "junction": false,
    "vehicle_hazard": [
        false,
        false,
        false,
        false,
        false,
        false,
        false,
        false,
        false,
        false,
        false,
        false,
        false,
        false,
        false,
        false,
        false,
        false,
        false,
        false,
        false,
        false,
        false,
        false,
        false,
        false,
        false,
        false,
        false,
        false,
        false,
        false,
        false,
        false,
        false,
        false,
        false,
        false,
        false,
        false,
        false,
        false,
        false,
        false,
        false,
        false,
        false,
        false,
        false,
        false,
        false,
        false,
        false,
        false,
        false,
        false,
        false,
        false,
        false,
        false,
        false,
        false,
        false,
        false,
        false,
        false,
        false,
        false,
        false,
        false,
        false,
        false,
        false,
        false,
        false,
        false,
        false,
        false,
        false,
        false
    ],
    "light_hazard": false,
    "walker_hazard": [
        false,
        false,
        false,
        false,
        false,
        false,
        false,
        false,
        false,
        false,
        false,
        false,
        false,
        false,
        false,
        false,
        false,
        false,
        false,
        false,
        false,
        false,
        false,
        false,
        false,
        false,
        false,
        false,
        false,
        false,
        false,
        false,
        false,
        false,
        false,
        false,
        false,
        false,
        false,
        false,
        false,
        false,
        false,
        false,
        false,
        false,
        false,
        false,
        false,
        false,
        false,
        false,
        false,
        false,
        false,
        false,
        false,
        false,
        false,
        false,
        false,
        false,
        false,
        false,
        false,
        false,
        false,
        false,
        false,
        false,
        false,
        false,
        false,
        false,
        false,
        false,
        false,
        false,
        false,
        false
    ],
    "stop_sign_hazard": false,
    "angle": 0.0892272959982772,
    "ego_matrix": [
        [
            0.6297795176506042,
            0.776773989200592,
            -0.0003070425009354949,
            42.368743896484375
        ],
        [
            -0.776773989200592,
            0.629779577255249,
            8.27226904220879e-06,
            -316.7451171875
        ],
        [
            0.00019979475473519415,
            0.0002332929288968444,
            1.0,
            0.03331794589757919
        ],
        [
            0.0,
            0.0,
            0.0,
            1.0
        ]
    ]
}