{
    "x": 318.2136282517721,
    "y": 43.596546232517,
    "theta": 0.699709415435791,
    "speed": 3.937684308393357,
    "target_speed": 4.0,
    "x_command": 327.1312438514933,
    "y_command": 51.776363443372965,
    "command": 4,
    "waypoints": [
        [
            319.70343017578125,
            44.89064025878906,
            0.7087630398693281
        ],
        [
            321.2049560546875,
            46.212337493896484,
            0.7200384644505601
        ],
        [
            322.6943664550781,
            47.555702209472656,
            0.7320682959895842
        ],
        [
            324.16741943359375,
            48.92192077636719,
            0.7457916316657899
        ],
        [
            325.4245910644531,
            50.479583740234375,
            0.886332101869506
        ],
        [
            326.3761291503906,
            52.24838638305664,
            1.0492555422184702
        ],
        [
            327.091796875,
            54.125694274902344,
            1.183299031205856
        ],
        [
            327.7254943847656,
            56.03297424316406,
            1.229967067725914
        ]
    ],
    "steer": 0.018,
    "throttle": 0.29152520684078453,
    "brake": false,
    "junction": false,
    "vehicle_hazard": [
        false,
        false,
        false,
        false,
        false,
        false,
        false,
        false,
        false,
        false,
        false,
        false,
        false,
        false,
        false,
        false,
        false,
        false,
        false,
        false,
        false,
        false,
        false,
        false,
        false,
        false,
        false,
        false,
        false,
        false,
        false,
        false,
        false,
        false,
        false,
        false,
        false,
        false,
        false,
        false,
        false,
        false,
        false,
        false,
        false,
        false,
        false,
        false,
        false,
        false,
        false,
        false,
        false,
        false,
        false,
        false,
        false,
        false,
        false,
        false,
        false,
        false,
        false,
        false,
        false,
        false,
        false,
        false,
        false,
        false,
        false,
        false,
        false,
        false,
        false,
        false,
        false,
        false,
        false,
        false
    ],
    "light_hazard": false,
    "walker_hazard": [
        false,
        false,
        false,
        false,
        false,
        false,
        false,
        false,
        false,
        false,
        false,
        false,
        false,
        false,
        false,
        false,
        false,
        false,
        false,
        false,
        false,
        false,
        false,
        false,
        false,
        false,
        false,
        false,
        false,
        false,
        false,
        false,
        false,
        false,
        false,
        false,
        false,
        false,
        false,
        false,
        false,
        false,
        false,
        false,
        false,
        false,
        false,
        false,
        false,
        false,
        false,
        false,
        false,
        false,
        false,
        false,
        false,
        false,
        false,
        false,
        false,
        false,
        false,
        false,
        false,
        false,
        false,
        false,
        false,
        false,
        false,
        false,
        false,
        false,
        false,
        false,
        false,
        false,
        false,
        false
    ],
    "stop_sign_hazard": false,
    "angle": -0.11638176834896563,
    "ego_matrix": [
        [
            0.6428397297859192,
            0.7660007476806641,
            -0.0002834108890965581,
            43.5965461730957
        ],
        [
            -0.7660007476806641,
            0.642839789390564,
            3.777004894800484e-05,
            -318.1990051269531
        ],
        [
            0.00021111963724251837,
            0.00019281284767203033,
            1.0,
            0.03331233933568001
        ],
        [
            0.0,
            0.0,
            0.0,
            1.0
        ]
    ]
}