{
    "x": 319.72541647316564,
    "y": 44.90850836199072,
    "theta": 0.7137159109115601,
    "speed": 3.7147678641084494,
    "target_speed": 4.0,
    "x_command": 327.1312438514933,
    "y_command": 51.776363443372965,
    "command": 4,
    "waypoints": [
        [
            321.1394958496094,
            46.16806411743164,
            0.7209900119080453
        ],
        [
            322.6107482910156,
            47.49129104614258,
            0.7309373846326821
        ],
        [
            324.0796203613281,
            48.84748077392578,
            0.7437057107419852
        ],
        [
            325.3708190917969,
            50.36979293823242,
            0.8681117523765925
        ],
        [
            326.3438415527344,
            52.12491989135742,
            1.035771591434749
        ],
        [
            327.0736083984375,
            53.99610137939453,
            1.174826184197769
        ],
        [
            327.6925964355469,
            55.90774917602539,
            1.2344634490418631
        ],
        [
            328.4737854003906,
            57.75830841064453,
            1.1741721451235592
        ]
    ],
    "steer": 0.014,
    "throttle": 0.75,
    "brake": false,
    "junction": false,
    "vehicle_hazard": [
        false,
        false,
        false,
        false,
        false,
        false,
        false,
        false,
        false,
        false,
        false,
        false,
        false,
        false,
        false,
        false,
        false,
        false,
        false,
        false,
        false,
        false,
        false,
        false,
        false,
        false,
        false,
        false,
        false,
        false,
        false,
        false,
        false,
        false,
        false,
        false,
        false,
        false,
        false,
        false,
        false,
        false,
        false,
        false,
        false,
        false,
        false,
        false,
        false,
        false,
        false,
        false,
        false,
        false,
        false,
        false,
        false,
        false,
        false,
        false,
        false,
        false,
        false,
        false,
        false,
        false,
        false,
        false,
        false,
        false,
        false,
        false,
        false,
        false,
        false,
        false,
        false,
        false,
        false,
        false
    ],
    "light_hazard": false,
    "walker_hazard": [
        false,
        false,
        false,
        false,
        false,
        false,
        false,
        false,
        false,
        false,
        false,
        false,
        false,
        false,
        false,
        false,
        false,
        false,
        false,
        false,
        false,
        false,
        false,
        false,
        false,
        false,
        false,
        false,
        false,
        false,
        false,
        false,
        false,
        false,
        false,
        false,
        false,
        false,
        false,
        false,
        false,
        false,
        false,
        false,
        false,
        false,
        false,
        false,
        false,
        false,
        false,
        false,
        false,
        false,
        false,
        false,
        false,
        false,
        false,
        false,
        false,
        false,
        false,
        false,
        false,
        false,
        false,
        false,
        false,
        false,
        false,
        false,
        false,
        false,
        false,
        false,
        false,
        false,
        false,
        false
    ],
    "stop_sign_hazard": false,
    "angle": -0.1713865901572807,
    "ego_matrix": [
        [
            0.6538025736808777,
            0.7566651701927185,
            0.00020382163347676396,
            44.90850830078125
        ],
        [
            -0.7566649913787842,
            0.6538025736808777,
            -0.0004305944312363863,
            -319.7107238769531
        ],
        [
            -0.0004590749158523977,
            0.0001272990630241111,
            0.9999998807907104,
            0.033645935356616974
        ],
        [
            0.0,
            0.0,
            0.0,
            1.0
        ]
    ]
}