{
    "x": 321.18571917311175,
    "y": 46.2051010761603,
    "theta": 0.725306510925293,
    "speed": 4.124520851878793,
    "target_speed": 4.0,
    "x_command": 327.1312438514933,
    "y_command": 51.776363443372965,
    "command": 4,
    "waypoints": [
        [
            322.7046203613281,
            47.58826446533203,
            0.7327631147179859
        ],
        [
            324.2254943847656,
            48.994197845458984,
            0.7447256348604584
        ],
        [
            325.522216796875,
            50.60231018066406,
            0.8900376907892694
        ],
        [
            326.492919921875,
            52.4362678527832,
            1.058825045673938
        ],
        [
            327.2086181640625,
            54.38478088378906,
            1.1978417882599655
        ],
        [
            327.8722229003906,
            56.352176666259766,
            1.2271026715259659
        ],
        [
            328.7291564941406,
            58.242610931396484,
            1.1489564038163074
        ],
        [
            329.8384094238281,
            59.99668502807617,
            1.0222741583980093
        ]
    ],
    "steer": 0.012,
    "throttle": 0.05287767553460485,
    "brake": false,
    "junction": false,
    "vehicle_hazard": [
        false,
        false,
        false,
        false,
        false,
        false,
        false,
        false,
        false,
        false,
        false,
        false,
        false,
        false,
        false,
        false,
        false,
        false,
        false,
        false,
        false,
        false,
        false,
        false,
        false,
        false,
        false,
        false,
        false,
        false,
        false,
        false,
        false,
        false,
        false,
        false,
        false,
        false,
        false,
        false,
        false,
        false,
        false,
        false,
        false,
        false,
        false,
        false,
        false,
        false,
        false,
        false,
        false,
        false,
        false,
        false,
        false,
        false,
        false,
        false,
        false,
        false,
        false,
        false,
        false,
        false,
        false,
        false,
        false,
        false,
        false,
        false,
        false,
        false,
        false,
        false,
        false,
        false,
        false,
        false
    ],
    "light_hazard": false,
    "walker_hazard": [
        false,
        false,
        false,
        false,
        false,
        false,
        false,
        false,
        false,
        false,
        false,
        false,
        false,
        false,
        false,
        false,
        false,
        false,
        false,
        false,
        false,
        false,
        false,
        false,
        false,
        false,
        false,
        false,
        false,
        false,
        false,
        false,
        false,
        false,
        false,
        false,
        false,
        false,
        false,
        false,
        false,
        false,
        false,
        false,
        false,
        false,
        false,
        false,
        false,
        false,
        false,
        false,
        false,
        false,
        false,
        false,
        false,
        false,
        false,
        false,
        false,
        false,
        false,
        false,
        false,
        false,
        false,
        false,
        false,
        false,
        false,
        false,
        false,
        false,
        false,
        false,
        false,
        false,
        false,
        false
    ],
    "stop_sign_hazard": false,
    "angle": -0.13946935643194674,
    "ego_matrix": [
        [
            0.6625283360481262,
            0.7490367293357849,
            -0.0003839957353193313,
            46.205101013183594
        ],
        [
            -0.7490367293357849,
            0.6625284552574158,
            0.00023154274094849825,
            -321.17095947265625
        ],
        [
            0.00042784211109392345,
            0.0001342233008472249,
            0.9999998807907104,
            0.03320430591702461
        ],
        [
            0.0,
            0.0,
            0.0,
            1.0
        ]
    ]
}