{
    "x": 322.5992973139793,
    "y": 47.4881973913857,
    "theta": 0.7360774874687195,
    "speed": 3.789677501059762,
    "target_speed": 4.0,
    "x_command": 327.94832852060887,
    "y_command": 57.63927086103197,
    "command": 6,
    "waypoints": [
        [
            324.0093994140625,
            48.802268981933594,
            0.7437646331811033
        ],
        [
            325.2954406738281,
            50.309349060058594,
            0.864795850503335
        ],
        [
            326.27606201171875,
            52.05270004272461,
            1.0296919941402616
        ],
        [
            327.0199890136719,
            53.91560363769531,
            1.1670161314059753
        ],
        [
            327.6527404785156,
            55.822879791259766,
            1.2275990847531566
        ],
        [
            328.4310607910156,
            57.67528533935547,
            1.1740928162125883
        ],
        [
            329.442138671875,
            59.41118240356445,
            1.0590366005330314
        ],
        [
            330.6627197265625,
            61.0073356628418,
            0.9382544220622357
        ]
    ],
    "steer": 0.012,
    "throttle": 0.75,
    "brake": false,
    "junction": false,
    "vehicle_hazard": [
        false,
        false,
        false,
        false,
        false,
        false,
        false,
        false,
        false,
        false,
        false,
        false,
        false,
        false,
        false,
        false,
        false,
        false,
        false,
        false,
        false,
        false,
        false,
        false,
        false,
        false,
        false,
        false,
        false,
        false,
        false,
        false,
        false,
        false,
        false,
        false,
        false,
        false,
        false,
        false,
        false,
        false,
        false,
        false,
        false,
        false,
        false,
        false,
        false,
        false,
        false,
        false,
        false,
        false,
        false,
        false,
        false,
        false,
        false,
        false,
        false,
        false,
        false,
        false,
        false,
        false,
        false,
        false,
        false,
        false,
        false,
        false,
        false,
        false,
        false,
        false,
        false,
        false,
        false,
        false
    ],
    "light_hazard": false,
    "walker_hazard": [
        false,
        false,
        false,
        false,
        false,
        false,
        false,
        false,
        false,
        false,
        false,
        false,
        false,
        false,
        false,
        false,
        false,
        false,
        false,
        false,
        false,
        false,
        false,
        false,
        false,
        false,
        false,
        false,
        false,
        false,
        false,
        false,
        false,
        false,
        false,
        false,
        false,
        false,
        false,
        false,
        false,
        false,
        false,
        false,
        false,
        false,
        false,
        false,
        false,
        false,
        false,
        false,
        false,
        false,
        false,
        false,
        false,
        false,
        false,
        false,
        false,
        false,
        false,
        false,
        false,
        false,
        false,
        false,
        false,
        false,
        false,
        false,
        false,
        false,
        false,
        false,
        false,
        false,
        false,
        false
    ],
    "stop_sign_hazard": false,
    "angle": -0.09364810206252436,
    "ego_matrix": [
        [
            0.6706454157829285,
            0.7417780756950378,
            -1.655389496590942e-05,
            47.488197326660156
        ],
        [
            -0.7417780756950378,
            0.6706454157829285,
            -0.0001039983908412978,
            -322.58447265625
        ],
        [
            -6.60419391351752e-05,
            8.202536264434457e-05,
            1.0,
            0.033450279384851456
        ],
        [
            0.0,
            0.0,
            0.0,
            1.0
        ]
    ]
}