{
    "x": 324.07095307523696,
    "y": 48.85560614569086,
    "theta": 0.7487403154373169,
    "speed": 3.845015521190509,
    "target_speed": 4.0,
    "x_command": 327.94832852060887,
    "y_command": 57.63927086103197,
    "command": 6,
    "waypoints": [
        [
            325.3183898925781,
            50.34162521362305,
            0.8659580540030455
        ],
        [
            326.29345703125,
            52.07888412475586,
            1.0302916714387202
        ],
        [
            327.03363037109375,
            53.9376220703125,
            1.1676981669611446
        ],
        [
            327.66302490234375,
            55.840633392333984,
            1.2283442705156744
        ],
        [
            328.4388427734375,
            57.68952178955078,
            1.1746694238781041
        ],
        [
            329.44775390625,
            59.42213821411133,
            1.0593385697111328
        ],
        [
            330.66632080078125,
            61.0149040222168,
            0.938236778620014
        ],
        [
            332.0227355957031,
            62.49299621582031,
            0.8466179784298083
        ]
    ],
    "steer": 0.015,
    "throttle": 0.75,
    "brake": false,
    "junction": false,
    "vehicle_hazard": [
        false,
        false,
        false,
        false,
        false,
        false,
        false,
        false,
        false,
        false,
        false,
        false,
        false,
        false,
        false,
        false,
        false,
        false,
        false,
        false,
        false,
        false,
        false,
        false,
        false,
        false,
        false,
        false,
        false,
        false,
        false,
        false,
        false,
        false,
        false,
        false,
        false,
        false,
        false,
        false,
        false,
        false,
        false,
        false,
        false,
        false,
        false,
        false,
        false,
        false,
        false,
        false,
        false,
        false,
        false,
        false,
        false,
        false,
        false,
        false,
        false,
        false,
        false,
        false,
        false,
        false,
        false,
        false,
        false,
        false,
        false,
        false,
        false,
        false,
        false,
        false,
        false,
        false,
        false,
        false
    ],
    "light_hazard": false,
    "walker_hazard": [
        false,
        false,
        false,
        false,
        false,
        false,
        false,
        false,
        false,
        false,
        false,
        false,
        false,
        false,
        false,
        false,
        false,
        false,
        false,
        false,
        false,
        false,
        false,
        false,
        false,
        false,
        false,
        false,
        false,
        false,
        false,
        false,
        false,
        false,
        false,
        false,
        false,
        false,
        false,
        false,
        false,
        false,
        false,
        false,
        false,
        false,
        false,
        false,
        false,
        false,
        false,
        false,
        false,
        false,
        false,
        false,
        false,
        false,
        false,
        false,
        false,
        false,
        false,
        false,
        false,
        false,
        false,
        false,
        false,
        false,
        false,
        false,
        false,
        false,
        false,
        false,
        false,
        false,
        false,
        false
    ],
    "stop_sign_hazard": false,
    "angle": -0.02145084926381826,
    "ego_matrix": [
        [
            0.6797640323638916,
            0.7334308624267578,
            4.644235741579905e-05,
            48.85560607910156
        ],
        [
            -0.7334308624267578,
            0.6797640323638916,
            -0.0002867424627766013,
            -324.0560607910156
        ],
        [
            -0.00024187563394661993,
            0.00016085496463347226,
            1.0,
            0.03353771194815636
        ],
        [
            0.0,
            0.0,
            0.0,
            1.0
        ]
    ]
}