{
    "x": 325.33916931303963,
    "y": 50.247695991338254,
    "theta": 0.8663577437400818,
    "speed": 3.960407739993477,
    "target_speed": 4.0,
    "x_command": 327.94832852060887,
    "y_command": 57.63927086103197,
    "command": 6,
    "waypoints": [
        [
            326.3165588378906,
            51.97099304199219,
            1.0172957449247562
        ],
        [
            327.0568542480469,
            53.83032989501953,
            1.1658033278455533
        ],
        [
            327.6543273925781,
            55.74704360961914,
            1.2424397163751912
        ],
        [
            328.4028625488281,
            57.61299133300781,
            1.189841252871204
        ],
        [
            329.39251708984375,
            59.36341857910156,
            1.07194131377966
        ],
        [
            330.6045227050781,
            60.96851348876953,
            0.9449161863710145
        ],
        [
            331.96380615234375,
            62.452003479003906,
            0.8479528213471833
        ],
        [
            333.3741455078125,
            63.88761901855469,
            0.8056074947504874
        ]
    ],
    "steer": 0.326,
    "throttle": 0.16069830783330613,
    "brake": false,
    "junction": false,
    "vehicle_hazard": [
        false,
        false,
        false,
        false,
        false,
        false,
        false,
        false,
        false,
        false,
        false,
        false,
        false,
        false,
        false,
        false,
        false,
        false,
        false,
        false,
        false,
        false,
        false,
        false,
        false,
        false,
        false,
        false,
        false,
        false,
        false,
        false,
        false,
        false,
        false,
        false,
        false,
        false,
        false,
        false,
        false,
        false,
        false,
        false,
        false,
        false,
        false,
        false,
        false,
        false,
        false,
        false,
        false,
        false,
        false,
        false,
        false,
        false,
        false,
        false,
        false,
        false,
        false,
        false,
        false,
        false,
        false,
        false,
        false,
        false,
        false,
        false,
        false,
        false,
        false,
        false,
        false,
        false,
        false,
        false
    ],
    "light_hazard": false,
    "walker_hazard": [
        false,
        false,
        false,
        false,
        false,
        false,
        false,
        false,
        false,
        false,
        false,
        false,
        false,
        false,
        false,
        false,
        false,
        false,
        false,
        false,
        false,
        false,
        false,
        false,
        false,
        false,
        false,
        false,
        false,
        false,
        false,
        false,
        false,
        false,
        false,
        false,
        false,
        false,
        false,
        false,
        false,
        false,
        false,
        false,
        false,
        false,
        false,
        false,
        false,
        false,
        false,
        false,
        false,
        false,
        false,
        false,
        false,
        false,
        false,
        false,
        false,
        false,
        false,
        false,
        false,
        false,
        false,
        false,
        false,
        false,
        false,
        false,
        false,
        false,
        false,
        false,
        false,
        false,
        false,
        false
    ],
    "stop_sign_hazard": false,
    "angle": 0.033058187570474525,
    "ego_matrix": [
        [
            0.7451961040496826,
            0.6668369770050049,
            -0.003352811560034752,
            50.24769592285156
        ],
        [
            -0.6668453812599182,
            0.7451883554458618,
            -0.003407454816624522,
            -325.32421875
        ],
        [
            0.00022625921701546758,
            0.004775029141455889,
            0.9999886155128479,
            0.033304911106824875
        ],
        [
            0.0,
            0.0,
            0.0,
            1.0
        ]
    ]
}