{
    "x": 326.276803952927,
    "y": 52.080219339783206,
    "theta": 1.0802857875823975,
    "speed": 3.803154927853832,
    "target_speed": 4.0,
    "x_command": 350.9820713101643,
    "y_command": 89.84368908729904,
    "command": 6,
    "waypoints": [
        [
            326.9605407714844,
            53.8929557800293,
            1.1801247429235633
        ],
        [
            327.5852966308594,
            55.78251266479492,
            1.2308012696478678
        ],
        [
            328.3680725097656,
            57.62308883666992,
            1.1712495921433062
        ],
        [
            329.3877868652344,
            59.34699249267578,
            1.0532616688672491
        ],
        [
            330.6130676269531,
            60.934539794921875,
            0.9337183929355584
        ],
        [
            331.96978759765625,
            62.412906646728516,
            0.8459173673260356
        ],
        [
            333.3693542480469,
            63.85123825073242,
            0.809369942159524
        ],
        [
            334.7413330078125,
            65.31574249267578,
            0.8195671193944101
        ]
    ],
    "steer": 0.225,
    "throttle": 0.75,
    "brake": false,
    "junction": false,
    "vehicle_hazard": [
        false,
        false,
        false,
        false,
        false,
        false,
        false,
        false,
        false,
        false,
        false,
        false,
        false,
        false,
        false,
        false,
        false,
        false,
        false,
        false,
        false,
        false,
        false,
        false,
        false,
        false,
        false,
        false,
        false,
        false,
        false,
        false,
        false,
        false,
        false,
        false,
        false,
        false,
        false,
        false,
        false,
        false,
        false,
        false,
        false,
        false,
        false,
        false,
        false,
        false,
        false,
        false,
        false,
        false,
        false,
        false,
        false,
        false,
        false,
        false,
        false,
        false,
        false,
        false,
        false,
        false,
        false,
        false,
        false,
        false,
        false,
        false,
        false,
        false,
        false,
        false,
        false,
        false,
        false,
        false
    ],
    "light_hazard": false,
    "walker_hazard": [
        false,
        false,
        false,
        false,
        false,
        false,
        false,
        false,
        false,
        false,
        false,
        false,
        false,
        false,
        false,
        false,
        false,
        false,
        false,
        false,
        false,
        false,
        false,
        false,
        false,
        false,
        false,
        false,
        false,
        false,
        false,
        false,
        false,
        false,
        false,
        false,
        false,
        false,
        false,
        false,
        false,
        false,
        false,
        false,
        false,
        false,
        false,
        false,
        false,
        false,
        false,
        false,
        false,
        false,
        false,
        false,
        false,
        false,
        false,
        false,
        false,
        false,
        false,
        false,
        false,
        false,
        false,
        false,
        false,
        false,
        false,
        false,
        false,
        false,
        false,
        false,
        false,
        false,
        false,
        false
    ],
    "stop_sign_hazard": false,
    "angle": 0.056635999465663854,
    "ego_matrix": [
        [
            0.8740959167480469,
            0.48575323820114136,
            -0.0003265288542024791,
            52.08021926879883
        ],
        [
            -0.48575296998023987,
            0.8740943074226379,
            -0.0018001527059823275,
            -326.2618103027344
        ],
        [
            -0.0005890130414627492,
            0.0017321185441687703,
            0.9999983310699463,
            0.03371059522032738
        ],
        [
            0.0,
            0.0,
            0.0,
            1.0
        ]
    ]
}