{
    "x": 326.9060442947809,
    "y": 53.90256126121234,
    "theta": 1.2202227115631104,
    "speed": 4.150443767666918,
    "target_speed": 4.0,
    "x_command": 350.9820713101643,
    "y_command": 89.84368908729904,
    "command": 6,
    "waypoints": [
        [
            327.54205322265625,
            55.875877380371094,
            1.2358067142061853
        ],
        [
            328.3853759765625,
            57.781124114990234,
            1.1576330825163264
        ],
        [
            329.49072265625,
            59.551544189453125,
            1.0281509226859735
        ],
        [
            330.8079528808594,
            61.17466354370117,
            0.9071949729540504
        ],
        [
            332.2461853027344,
            62.69295120239258,
            0.8272802997015523
        ],
        [
            333.7082214355469,
            64.18855285644531,
            0.8043435584971358
        ],
        [
            335.1248474121094,
            65.72704315185547,
            0.8265846820248234
        ],
        [
            336.4646911621094,
            67.33277893066406,
            0.8705394234472815
        ]
    ],
    "steer": 0.144,
    "throttle": 0.05339077364465774,
    "brake": false,
    "junction": false,
    "vehicle_hazard": [
        false,
        false,
        false,
        false,
        false,
        false,
        false,
        false,
        false,
        false,
        false,
        false,
        false,
        false,
        false,
        false,
        false,
        false,
        false,
        false,
        false,
        false,
        false,
        false,
        false,
        false,
        false,
        false,
        false,
        false,
        false,
        false,
        false,
        false,
        false,
        false,
        false,
        false,
        false,
        false,
        false,
        false,
        false,
        false,
        false,
        false,
        false,
        false,
        false,
        false,
        false,
        false,
        false,
        false,
        false,
        false,
        false,
        false,
        false,
        false,
        false,
        false,
        false,
        false,
        false,
        false,
        false,
        false,
        false,
        false,
        false,
        false,
        false,
        false,
        false,
        false,
        false,
        false,
        false,
        false
    ],
    "light_hazard": false,
    "walker_hazard": [
        false,
        false,
        false,
        false,
        false,
        false,
        false,
        false,
        false,
        false,
        false,
        false,
        false,
        false,
        false,
        false,
        false,
        false,
        false,
        false,
        false,
        false,
        false,
        false,
        false,
        false,
        false,
        false,
        false,
        false,
        false,
        false,
        false,
        false,
        false,
        false,
        false,
        false,
        false,
        false,
        false,
        false,
        false,
        false,
        false,
        false,
        false,
        false,
        false,
        false,
        false,
        false,
        false,
        false,
        false,
        false,
        false,
        false,
        false,
        false,
        false,
        false,
        false,
        false,
        false,
        false,
        false,
        false,
        false,
        false,
        false,
        false,
        false,
        false,
        false,
        false,
        false,
        false,
        false,
        false
    ],
    "stop_sign_hazard": false,
    "angle": 0.04929592731745355,
    "ego_matrix": [
        [
            0.9348931908607483,
            0.3549281358718872,
            -0.0008691938128322363,
            53.90256118774414
        ],
        [
            -0.3549289107322693,
            0.9348928332328796,
            -0.0009547435911372304,
            -326.8910217285156
        ],
        [
            0.0004737376584671438,
            0.0012010852806270123,
            0.9999991655349731,
            0.033181801438331604
        ],
        [
            0.0,
            0.0,
            0.0,
            1.0
        ]
    ]
}