{
    "x": 327.45450089362174,
    "y": 55.773132400236506,
    "theta": 1.2558013200759888,
    "speed": 3.684169806824768,
    "target_speed": 4.0,
    "x_command": 350.9820713101643,
    "y_command": 89.84368908729904,
    "command": 6,
    "waypoints": [
        [
            328.18017578125,
            57.51004409790039,
            1.178502078871378
        ],
        [
            329.20135498046875,
            59.1959114074707,
            1.047027075597319
        ],
        [
            330.44683837890625,
            60.75749969482422,
            0.9199595706378274
        ],
        [
            331.82244873046875,
            62.216854095458984,
            0.832943312022524
        ],
        [
            333.2330017089844,
            63.649173736572266,
            0.8024772152052082
        ],
        [
            334.60797119140625,
            65.1173095703125,
            0.8186749604292337
        ],
        [
            335.9135437011719,
            66.64756774902344,
            0.8592219209208263
        ],
        [
            337.1484375,
            68.23552703857422,
            0.9026721264747688
        ]
    ],
    "steer": -0.073,
    "throttle": 0.75,
    "brake": false,
    "junction": false,
    "vehicle_hazard": [
        false,
        false,
        false,
        false,
        false,
        false,
        false,
        false,
        false,
        false,
        false,
        false,
        false,
        false,
        false,
        false,
        false,
        false,
        false,
        false,
        false,
        false,
        false,
        false,
        false,
        false,
        false,
        false,
        false,
        false,
        false,
        false,
        false,
        false,
        false,
        false,
        false,
        false,
        false,
        false,
        false,
        false,
        false,
        false,
        false,
        false,
        false,
        false,
        false,
        false,
        false,
        false,
        false,
        false,
        false,
        false,
        false,
        false,
        false,
        false,
        false,
        false,
        false,
        false,
        false,
        false,
        false,
        false,
        false,
        false,
        false,
        false,
        false,
        false,
        false,
        false,
        false,
        false,
        false,
        false
    ],
    "light_hazard": false,
    "walker_hazard": [
        false,
        false,
        false,
        false,
        false,
        false,
        false,
        false,
        false,
        false,
        false,
        false,
        false,
        false,
        false,
        false,
        false,
        false,
        false,
        false,
        false,
        false,
        false,
        false,
        false,
        false,
        false,
        false,
        false,
        false,
        false,
        false,
        false,
        false,
        false,
        false,
        false,
        false,
        false,
        false,
        false,
        false,
        false,
        false,
        false,
        false,
        false,
        false,
        false,
        false,
        false,
        false,
        false,
        false,
        false,
        false,
        false,
        false,
        false,
        false,
        false,
        false,
        false,
        false,
        false,
        false,
        false,
        false,
        false,
        false,
        false,
        false,
        false,
        false,
        false,
        false,
        false,
        false,
        false,
        false
    ],
    "stop_sign_hazard": false,
    "angle": 0.03124447404027131,
    "ego_matrix": [
        [
            0.9523066878318787,
            0.3051413595676422,
            0.0008835344924591482,
            55.77313232421875
        ],
        [
            -0.3051423728466034,
            0.9523056149482727,
            0.00145880994386971,
            -327.439453125
        ],
        [
            -0.0003962516493629664,
            -0.0016588382422924042,
            0.9999985694885254,
            0.033614154905080795
        ],
        [
            0.0,
            0.0,
            0.0,
            1.0
        ]
    ]
}