{
    "x": 328.2543423374579,
    "y": 57.596725542370464,
    "theta": 1.1503632068634033,
    "speed": 3.989840989645332,
    "target_speed": 4.0,
    "x_command": 350.9820713101643,
    "y_command": 89.84368908729904,
    "command": 6,
    "waypoints": [
        [
            329.2864074707031,
            59.297935485839844,
            1.0373617316321218
        ],
        [
            330.5411376953125,
            60.86127853393555,
            0.9158234817278527
        ],
        [
            331.9179992675781,
            62.324153900146484,
            0.8330522353111081
        ],
        [
            333.3250427246094,
            63.760520935058594,
            0.8045832429952429
        ],
        [
            334.6960754394531,
            65.2312240600586,
            0.820829790646244
        ],
        [
            335.9987487792969,
            66.76274871826172,
            0.8607997107086438
        ],
        [
            337.23193359375,
            68.350830078125,
            0.9034482381954452
        ],
        [
            338.4153137207031,
            69.97647094726562,
            0.9354930569069599
        ]
    ],
    "steer": -0.19,
    "throttle": 0.10743318687986775,
    "brake": false,
    "junction": false,
    "vehicle_hazard": [
        false,
        false,
        false,
        false,
        false,
        false,
        false,
        false,
        false,
        false,
        false,
        false,
        false,
        false,
        false,
        false,
        false,
        false,
        false,
        false,
        false,
        false,
        false,
        false,
        false,
        false,
        false,
        false,
        false,
        false,
        false,
        false,
        false,
        false,
        false,
        false,
        false,
        false,
        false,
        false,
        false,
        false,
        false,
        false,
        false,
        false,
        false,
        false,
        false,
        false,
        false,
        false,
        false,
        false,
        false,
        false,
        false,
        false,
        false,
        false,
        false,
        false,
        false,
        false,
        false,
        false,
        false,
        false,
        false,
        false,
        false,
        false,
        false,
        false,
        false,
        false,
        false,
        false,
        false,
        false
    ],
    "light_hazard": false,
    "walker_hazard": [
        false,
        false,
        false,
        false,
        false,
        false,
        false,
        false,
        false,
        false,
        false,
        false,
        false,
        false,
        false,
        false,
        false,
        false,
        false,
        false,
        false,
        false,
        false,
        false,
        false,
        false,
        false,
        false,
        false,
        false,
        false,
        false,
        false,
        false,
        false,
        false,
        false,
        false,
        false,
        false,
        false,
        false,
        false,
        false,
        false,
        false,
        false,
        false,
        false,
        false,
        false,
        false,
        false,
        false,
        false,
        false,
        false,
        false,
        false,
        false,
        false,
        false,
        false,
        false,
        false,
        false,
        false,
        false,
        false,
        false,
        false,
        false,
        false,
        false,
        false,
        false,
        false,
        false,
        false,
        false
    ],
    "stop_sign_hazard": false,
    "angle": 0.010228185644133624,
    "ego_matrix": [
        [
            0.9184046983718872,
            0.3956414461135864,
            0.00080998579505831,
            57.59672546386719
        ],
        [
            -0.3956422507762909,
            0.9184025526046753,
            0.0019817606080323458,
            -328.2392578125
        ],
        [
            4.0173526940634474e-05,
            -0.002140522701665759,
            0.9999977350234985,
            0.03339690715074539
        ],
        [
            0.0,
            0.0,
            0.0,
            1.0
        ]
    ]
}