{
    "x": 329.287715018988,
    "y": 59.189933857530264,
    "theta": 1.0057604312896729,
    "speed": 3.976835828223725,
    "target_speed": 4.0,
    "x_command": 350.9820713101643,
    "y_command": 89.84368908729904,
    "command": 6,
    "waypoints": [
        [
            330.5195007324219,
            60.74663543701172,
            0.9137792392751078
        ],
        [
            331.8800354003906,
            62.217857360839844,
            0.8398271173871878
        ],
        [
            333.26995849609375,
            63.668495178222656,
            0.8147901407681079
        ],
        [
            334.6278381347656,
            65.15318298339844,
            0.8301562473627286
        ],
        [
            335.9251708984375,
            66.69190979003906,
            0.865697130795245
        ],
        [
            337.1603698730469,
            68.2810287475586,
            0.9038080312587149
        ],
        [
            338.3501892089844,
            69.90445709228516,
            0.9328679124414415
        ],
        [
            339.5152282714844,
            71.54582214355469,
            0.9499695345394398
        ]
    ],
    "steer": -0.188,
    "throttle": 0.09061936685188399,
    "brake": false,
    "junction": false,
    "vehicle_hazard": [
        false,
        false,
        false,
        false,
        false,
        false,
        false,
        false,
        false,
        false,
        false,
        false,
        false,
        false,
        false,
        false,
        false,
        false,
        false,
        false,
        false,
        false,
        false,
        false,
        false,
        false,
        false,
        false,
        false,
        false,
        false,
        false,
        false,
        false,
        false,
        false,
        false,
        false,
        false,
        false,
        false,
        false,
        false,
        false,
        false,
        false,
        false,
        false,
        false,
        false,
        false,
        false,
        false,
        false,
        false,
        false,
        false,
        false,
        false,
        false,
        false,
        false,
        false,
        false,
        false,
        false,
        false,
        false,
        false,
        false,
        false,
        false,
        false,
        false,
        false,
        false,
        false,
        false,
        false,
        false
    ],
    "light_hazard": false,
    "walker_hazard": [
        false,
        false,
        false,
        false,
        false,
        false,
        false,
        false,
        false,
        false,
        false,
        false,
        false,
        false,
        false,
        false,
        false,
        false,
        false,
        false,
        false,
        false,
        false,
        false,
        false,
        false,
        false,
        false,
        false,
        false,
        false,
        false,
        false,
        false,
        false,
        false,
        false,
        false,
        false,
        false,
        false,
        false,
        false,
        false,
        false,
        false,
        false,
        false,
        false,
        false,
        false,
        false,
        false,
        false,
        false,
        false,
        false,
        false,
        false,
        false,
        false,
        false,
        false,
        false,
        false,
        false,
        false,
        false,
        false,
        false,
        false,
        false,
        false,
        false,
        false,
        false,
        false,
        false,
        false,
        false
    ],
    "stop_sign_hazard": false,
    "angle": 0.0008681140570464705,
    "ego_matrix": [
        [
            0.8525665998458862,
            0.5226181745529175,
            0.0007164857815951109,
            59.18993377685547
        ],
        [
            -0.5226186513900757,
            0.8525650501251221,
            0.0016355209518224,
            -329.2725830078125
        ],
        [
            0.0002439021918689832,
            -0.0017688391963019967,
            0.9999984502792358,
            0.03329562768340111
        ],
        [
            0.0,
            0.0,
            0.0,
            1.0
        ]
    ]
}