{
    "x": 330.58193342809403,
    "y": 60.716190420889816,
    "theta": 0.8804101347923279,
    "speed": 3.6890635769274183,
    "target_speed": 4.0,
    "x_command": 350.9820713101643,
    "y_command": 89.84368908729904,
    "command": 6,
    "waypoints": [
        [
            331.85498046875,
            62.10182571411133,
            0.8355143277388863
        ],
        [
            333.2094421386719,
            63.537452697753906,
            0.8204696646878381
        ],
        [
            334.5422058105469,
            65.02638244628906,
            0.8397340399070897
        ],
        [
            335.8205871582031,
            66.57080841064453,
            0.8743593951358639
        ],
        [
            337.0476989746094,
            68.16168212890625,
            0.9079961849680007
        ],
        [
            338.238037109375,
            69.78187561035156,
            0.9324456016715822
        ],
        [
            339.40863037109375,
            71.41657257080078,
            0.946346570192496
        ],
        [
            340.5699157714844,
            73.05790710449219,
            0.9535483569913156
        ]
    ],
    "steer": -0.119,
    "throttle": 0.75,
    "brake": false,
    "junction": false,
    "vehicle_hazard": [
        false,
        false,
        false,
        false,
        false,
        false,
        false,
        false,
        false,
        false,
        false,
        false,
        false,
        false,
        false,
        false,
        false,
        false,
        false,
        false,
        false,
        false,
        false,
        false,
        false,
        false,
        false,
        false,
        false,
        false,
        false,
        false,
        false,
        false,
        false,
        false,
        false,
        false,
        false,
        false,
        false,
        false,
        false,
        false,
        false,
        false,
        false,
        false,
        false,
        false,
        false,
        false,
        false,
        false,
        false,
        false,
        false,
        false,
        false,
        false,
        false,
        false,
        false,
        false,
        false,
        false,
        false,
        false,
        false,
        false,
        false,
        false,
        false,
        false,
        false,
        false,
        false,
        false,
        false,
        false
    ],
    "light_hazard": false,
    "walker_hazard": [
        false,
        false,
        false,
        false,
        false,
        false,
        false,
        false,
        false,
        false,
        false,
        false,
        false,
        false,
        false,
        false,
        false,
        false,
        false,
        false,
        false,
        false,
        false,
        false,
        false,
        false,
        false,
        false,
        false,
        false,
        false,
        false,
        false,
        false,
        false,
        false,
        false,
        false,
        false,
        false,
        false,
        false,
        false,
        false,
        false,
        false,
        false,
        false,
        false,
        false,
        false,
        false,
        false,
        false,
        false,
        false,
        false,
        false,
        false,
        false,
        false,
        false,
        false,
        false,
        false,
        false,
        false,
        false,
        false,
        false,
        false,
        false,
        false,
        false,
        false,
        false,
        false,
        false,
        false,
        false
    ],
    "stop_sign_hazard": false,
    "angle": 0.0014881378814046663,
    "ego_matrix": [
        [
            0.7771474719047546,
            0.6293178200721741,
            0.0009664469980634749,
            60.716190338134766
        ],
        [
            -0.629318356513977,
            0.7771475911140442,
            0.00033442219137214124,
            -330.5667419433594
        ],
        [
            -0.0005406140699051321,
            -0.0008680981700308621,
            0.9999995231628418,
            0.033686138689517975
        ],
        [
            0.0,
            0.0,
            0.0,
            1.0
        ]
    ]
}