{
    "x": 331.94662016280176,
    "y": 62.12242516401743,
    "theta": 0.814190149307251,
    "speed": 4.125222263841383,
    "target_speed": 4.0,
    "x_command": 350.9820713101643,
    "y_command": 89.84368908729904,
    "command": 6,
    "waypoints": [
        [
            333.3517150878906,
            63.62224197387695,
            0.8160961549666828
        ],
        [
            334.7215576171875,
            65.17625427246094,
            0.8460110440173793
        ],
        [
            336.0245056152344,
            66.79158782958984,
            0.8866334385468484
        ],
        [
            337.2724304199219,
            68.45243072509766,
            0.9209519310390182
        ],
        [
            338.488037109375,
            70.13724517822266,
            0.941891767479066
        ],
        [
            339.69085693359375,
            71.83123016357422,
            0.9514102381101455
        ],
        [
            340.88970947265625,
            73.52803039550781,
            0.9550445874707493
        ],
        [
            342.0819091796875,
            75.22950744628906,
            0.9593712255567193
        ]
    ],
    "steer": -0.031,
    "throttle": 0.05323553066412923,
    "brake": false,
    "junction": false,
    "vehicle_hazard": [
        false,
        false,
        false,
        false,
        false,
        false,
        false,
        false,
        false,
        false,
        false,
        false,
        false,
        false,
        false,
        false,
        false,
        false,
        false,
        false,
        false,
        false,
        false,
        false,
        false,
        false,
        false,
        false,
        false,
        false,
        false,
        false,
        false,
        false,
        false,
        false,
        false,
        false,
        false,
        false,
        false,
        false,
        false,
        false,
        false,
        false,
        false,
        false,
        false,
        false,
        false,
        false,
        false,
        false,
        false,
        false,
        false,
        false,
        false,
        false,
        false,
        false,
        false,
        false,
        false,
        false,
        false,
        false,
        false,
        false,
        false,
        false,
        false,
        false,
        false,
        false,
        false,
        false,
        false,
        false
    ],
    "light_hazard": false,
    "walker_hazard": [
        false,
        false,
        false,
        false,
        false,
        false,
        false,
        false,
        false,
        false,
        false,
        false,
        false,
        false,
        false,
        false,
        false,
        false,
        false,
        false,
        false,
        false,
        false,
        false,
        false,
        false,
        false,
        false,
        false,
        false,
        false,
        false,
        false,
        false,
        false,
        false,
        false,
        false,
        false,
        false,
        false,
        false,
        false,
        false,
        false,
        false,
        false,
        false,
        false,
        false,
        false,
        false,
        false,
        false,
        false,
        false,
        false,
        false,
        false,
        false,
        false,
        false,
        false,
        false,
        false,
        false,
        false,
        false,
        false,
        false,
        false,
        false,
        false,
        false,
        false,
        false,
        false,
        false,
        false,
        false
    ],
    "stop_sign_hazard": false,
    "angle": 0.008334558971356883,
    "ego_matrix": [
        [
            0.7296369671821594,
            0.6838346719741821,
            -0.0001706804323475808,
            62.1224250793457
        ],
        [
            -0.6838345527648926,
            0.7296369671821594,
            0.00040135247400030494,
            -331.9313659667969
        ],
        [
            0.00039899349212646484,
            -0.00017612443480174989,
            0.9999999403953552,
            0.033218611031770706
        ],
        [
            0.0,
            0.0,
            0.0,
            1.0
        ]
    ]
}