{
    "x": 333.26635243759347,
    "y": 63.49731835436795,
    "theta": 0.8142359852790833,
    "speed": 3.779984287892059,
    "target_speed": 4.0,
    "x_command": 350.9820713101643,
    "y_command": 89.84368908729904,
    "command": 6,
    "waypoints": [
        [
            334.5338439941406,
            64.9449234008789,
            0.8417854063157506
        ],
        [
            335.7869567871094,
            66.4890365600586,
            0.8824773093496707
        ],
        [
            336.99346923828125,
            68.08626556396484,
            0.9173761046433688
        ],
        [
            338.1716613769531,
            69.7111587524414,
            0.9388844593971213
        ],
        [
            339.3397216796875,
            71.34690856933594,
            0.948427564268284
        ],
        [
            340.5044250488281,
            72.9857177734375,
            0.9521120476364086
        ],
        [
            341.66400146484375,
            74.62820434570312,
            0.9557408709377505
        ],
        [
            342.81121826171875,
            76.27934265136719,
            0.9628866647746511
        ]
    ],
    "steer": 0.037,
    "throttle": 0.75,
    "brake": false,
    "junction": false,
    "vehicle_hazard": [
        false,
        false,
        false,
        false,
        false,
        false,
        false,
        false,
        false,
        false,
        false,
        false,
        false,
        false,
        false,
        false,
        false,
        false,
        false,
        false,
        false,
        false,
        false,
        false,
        false,
        false,
        false,
        false,
        false,
        false,
        false,
        false,
        false,
        false,
        false,
        false,
        false,
        false,
        false,
        false,
        false,
        false,
        false,
        false,
        false,
        false,
        false,
        false,
        false,
        false,
        false,
        false,
        false,
        false,
        false,
        false,
        false,
        false,
        false,
        false,
        false,
        false,
        false,
        false,
        false,
        false,
        false,
        false,
        false,
        false,
        false,
        false,
        false,
        false,
        false,
        false,
        false,
        false,
        false,
        false
    ],
    "light_hazard": false,
    "walker_hazard": [
        false,
        false,
        false,
        false,
        false,
        false,
        false,
        false,
        false,
        false,
        false,
        false,
        false,
        false,
        false,
        false,
        false,
        false,
        false,
        false,
        false,
        false,
        false,
        false,
        false,
        false,
        false,
        false,
        false,
        false,
        false,
        false,
        false,
        false,
        false,
        false,
        false,
        false,
        false,
        false,
        false,
        false,
        false,
        false,
        false,
        false,
        false,
        false,
        false,
        false,
        false,
        false,
        false,
        false,
        false,
        false,
        false,
        false,
        false,
        false,
        false,
        false,
        false,
        false,
        false,
        false,
        false,
        false,
        false,
        false,
        false,
        false,
        false,
        false,
        false,
        false,
        false,
        false,
        false,
        false
    ],
    "stop_sign_hazard": false,
    "angle": 0.012158244865141873,
    "ego_matrix": [
        [
            0.7256306409835815,
            0.6880843639373779,
            -0.000322628126014024,
            63.497318267822266
        ],
        [
            -0.6880844235420227,
            0.725630521774292,
            -0.0004493790038395673,
            -333.25103759765625
        ],
        [
            -7.510185241699219e-05,
            0.0005480785621330142,
            0.9999998211860657,
            0.033454932272434235
        ],
        [
            0.0,
            0.0,
            0.0,
            1.0
        ]
    ]
}