{
    "x": 334.5900827023682,
    "y": 65.01169595042616,
    "theta": 0.8537046313285828,
    "speed": 3.864909653950672,
    "target_speed": 4.0,
    "x_command": 350.9820713101643,
    "y_command": 89.84368908729904,
    "command": 6,
    "waypoints": [
        [
            335.8088684082031,
            66.5400161743164,
            0.8854095162888752
        ],
        [
            337.0127258300781,
            68.13117218017578,
            0.9171474722637856
        ],
        [
            338.1918640136719,
            69.74931335449219,
            0.9368805638348912
        ],
        [
            339.36102294921875,
            71.37789916992188,
            0.9460093474194647
        ],
        [
            340.5255432128906,
            73.01123809814453,
            0.9505209420431407
        ],
        [
            341.68341064453125,
            74.64960479736328,
            0.9551445891696818
        ],
        [
            342.8271789550781,
            76.29783630371094,
            0.9632776834017021
        ],
        [
            343.9495544433594,
            77.96070098876953,
            0.9754772248811915
        ]
    ],
    "steer": 0.062,
    "throttle": 0.75,
    "brake": false,
    "junction": false,
    "vehicle_hazard": [
        false,
        false,
        false,
        false,
        false,
        false,
        false,
        false,
        false,
        false,
        false,
        false,
        false,
        false,
        false,
        false,
        false,
        false,
        false,
        false,
        false,
        false,
        false,
        false,
        false,
        false,
        false,
        false,
        false,
        false,
        false,
        false,
        false,
        false,
        false,
        false,
        false,
        false,
        false,
        false,
        false,
        false,
        false,
        false,
        false,
        false,
        false,
        false,
        false,
        false,
        false,
        false,
        false,
        false,
        false,
        false,
        false,
        false,
        false,
        false,
        false,
        false,
        false,
        false,
        false,
        false,
        false,
        false,
        false,
        false,
        false,
        false,
        false,
        false,
        false,
        false,
        false,
        false,
        false,
        false
    ],
    "light_hazard": false,
    "walker_hazard": [
        false,
        false,
        false,
        false,
        false,
        false,
        false,
        false,
        false,
        false,
        false,
        false,
        false,
        false,
        false,
        false,
        false,
        false,
        false,
        false,
        false,
        false,
        false,
        false,
        false,
        false,
        false,
        false,
        false,
        false,
        false,
        false,
        false,
        false,
        false,
        false,
        false,
        false,
        false,
        false,
        false,
        false,
        false,
        false,
        false,
        false,
        false,
        false,
        false,
        false,
        false,
        false,
        false,
        false,
        false,
        false,
        false,
        false,
        false,
        false,
        false,
        false,
        false,
        false,
        false,
        false,
        false,
        false,
        false,
        false,
        false,
        false,
        false,
        false,
        false,
        false,
        false,
        false,
        false,
        false
    ],
    "stop_sign_hazard": false,
    "angle": 0.015146684668449506,
    "ego_matrix": [
        [
            0.7507855296134949,
            0.660546064376831,
            -0.00024274823954328895,
            65.0116958618164
        ],
        [
            -0.660546064376831,
            0.7507853507995605,
            -0.0006065333727747202,
            -334.57470703125
        ],
        [
            -0.00021839140390511602,
            0.0006157228490337729,
            0.9999998211860657,
            0.033526189625263214
        ],
        [
            0.0,
            0.0,
            0.0,
            1.0
        ]
    ]
}