{
    "x": 335.77983463934913,
    "y": 66.51922616488324,
    "theta": 0.898601233959198,
    "speed": 4.130097362079857,
    "target_speed": 4.0,
    "x_command": 350.9820713101643,
    "y_command": 89.84368908729904,
    "command": 6,
    "waypoints": [
        [
            337.00958251953125,
            68.17071533203125,
            0.9204916702236253
        ],
        [
            338.2352294921875,
            69.84467315673828,
            0.9358124365006877
        ],
        [
            339.4544982910156,
            71.5284194946289,
            0.9426230049353745
        ],
        [
            340.6694641113281,
            73.21823120117188,
            0.9468994424347965
        ],
        [
            341.873779296875,
            74.91600036621094,
            0.9533149975007974
        ],
        [
            343.05877685546875,
            76.6272964477539,
            0.9640652467150658
        ],
        [
            344.21685791015625,
            78.3569107055664,
            0.9790923994819468
        ],
        [
            345.344482421875,
            80.10652160644531,
            0.9961422896757703
        ]
    ],
    "steer": 0.051,
    "throttle": 0.05889182193707805,
    "brake": false,
    "junction": false,
    "vehicle_hazard": [
        false,
        false,
        false,
        false,
        false,
        false,
        false,
        false,
        false,
        false,
        false,
        false,
        false,
        false,
        false,
        false,
        false,
        false,
        false,
        false,
        false,
        false,
        false,
        false,
        false,
        false,
        false,
        false,
        false,
        false,
        false,
        false,
        false,
        false,
        false,
        false,
        false,
        false,
        false,
        false,
        false,
        false,
        false,
        false,
        false,
        false,
        false,
        false,
        false,
        false,
        false,
        false,
        false,
        false,
        false,
        false,
        false,
        false,
        false,
        false,
        false,
        false,
        false,
        false,
        false,
        false,
        false,
        false,
        false,
        false,
        false,
        false,
        false,
        false,
        false,
        false,
        false,
        false,
        false,
        false
    ],
    "light_hazard": false,
    "walker_hazard": [
        false,
        false,
        false,
        false,
        false,
        false,
        false,
        false,
        false,
        false,
        false,
        false,
        false,
        false,
        false,
        false,
        false,
        false,
        false,
        false,
        false,
        false,
        false,
        false,
        false,
        false,
        false,
        false,
        false,
        false,
        false,
        false,
        false,
        false,
        false,
        false,
        false,
        false,
        false,
        false,
        false,
        false,
        false,
        false,
        false,
        false,
        false,
        false,
        false,
        false,
        false,
        false,
        false,
        false,
        false,
        false,
        false,
        false,
        false,
        false,
        false,
        false,
        false,
        false,
        false,
        false,
        false,
        false,
        false,
        false,
        false,
        false,
        false,
        false,
        false,
        false,
        false,
        false,
        false,
        false
    ],
    "stop_sign_hazard": false,
    "angle": 0.01570778199062338,
    "ego_matrix": [
        [
            0.7797723412513733,
            0.62606281042099,
            -0.0006981074693612754,
            66.51922607421875
        ],
        [
            -0.6260629892349243,
            0.7797725200653076,
            -6.996936281211674e-05,
            -335.764404296875
        ],
        [
            0.0005005598068237305,
            0.0004916194011457264,
            0.9999997615814209,
            0.03316833823919296
        ],
        [
            0.0,
            0.0,
            0.0,
            1.0
        ]
    ]
}