{
    "x": 336.9375111272433,
    "y": 68.08497628908763,
    "theta": 0.9293654561042786,
    "speed": 3.6899675798029636,
    "target_speed": 4.0,
    "x_command": 350.9820713101643,
    "y_command": 89.84368908729904,
    "command": 6,
    "waypoints": [
        [
            338.0392761230469,
            69.61251068115234,
            0.9367067925737634
        ],
        [
            339.2027587890625,
            71.20731353759766,
            0.9397149661830625
        ],
        [
            340.379150390625,
            72.82315063476562,
            0.9413247804829882
        ],
        [
            341.5498046875,
            74.45195007324219,
            0.9471184208554283
        ],
        [
            342.70361328125,
            76.09810638427734,
            0.9581710054324478
        ],
        [
            343.8312072753906,
            77.7638168334961,
            0.9735862473491808
        ],
        [
            344.92926025390625,
            79.44930267333984,
            0.9907896687798474
        ],
        [
            345.9984130859375,
            81.15328216552734,
            1.0077696509950562
        ]
    ],
    "steer": 0.026,
    "throttle": 0.75,
    "brake": false,
    "junction": false,
    "vehicle_hazard": [
        false,
        false,
        false,
        false,
        false,
        false,
        false,
        false,
        false,
        false,
        false,
        false,
        false,
        false,
        false,
        false,
        false,
        false,
        false,
        false,
        false,
        false,
        false,
        false,
        false,
        false,
        false,
        false,
        false,
        false,
        false,
        false,
        false,
        false,
        false,
        false,
        false,
        false,
        false,
        false,
        false,
        false,
        false,
        false,
        false,
        false,
        false,
        false,
        false,
        false,
        false,
        false,
        false,
        false,
        false,
        false,
        false,
        false,
        false,
        false,
        false,
        false,
        false,
        false,
        false,
        false,
        false,
        false,
        false,
        false,
        false,
        false,
        false,
        false,
        false,
        false,
        false,
        false,
        false,
        false
    ],
    "light_hazard": false,
    "walker_hazard": [
        false,
        false,
        false,
        false,
        false,
        false,
        false,
        false,
        false,
        false,
        false,
        false,
        false,
        false,
        false,
        false,
        false,
        false,
        false,
        false,
        false,
        false,
        false,
        false,
        false,
        false,
        false,
        false,
        false,
        false,
        false,
        false,
        false,
        false,
        false,
        false,
        false,
        false,
        false,
        false,
        false,
        false,
        false,
        false,
        false,
        false,
        false,
        false,
        false,
        false,
        false,
        false,
        false,
        false,
        false,
        false,
        false,
        false,
        false,
        false,
        false,
        false,
        false,
        false,
        false,
        false,
        false,
        false,
        false,
        false,
        false,
        false,
        false,
        false,
        false,
        false,
        false,
        false,
        false,
        false
    ],
    "stop_sign_hazard": false,
    "angle": 0.012890188471863682,
    "ego_matrix": [
        [
            0.7999495267868042,
            0.6000672578811646,
            0.00020540403784252703,
            68.08497619628906
        ],
        [
            -0.600067138671875,
            0.7999495267868042,
            -0.0003378496621735394,
            -336.9220275878906
        ],
        [
            -0.00036704540252685547,
            0.0001470064598834142,
            0.9999999403953552,
            0.033599890768527985
        ],
        [
            0.0,
            0.0,
            0.0,
            1.0
        ]
    ]
}