{
    "x": 338.10455694634726,
    "y": 69.70221719705363,
    "theta": 0.9424591660499573,
    "speed": 3.9920827942685744,
    "target_speed": 4.0,
    "x_command": 350.9820713101643,
    "y_command": 89.84368908729904,
    "command": 6,
    "waypoints": [
        [
            339.26568603515625,
            71.31941986083984,
            0.9414849696225563
        ],
        [
            340.4474182128906,
            72.94023132324219,
            0.9409280360595935
        ],
        [
            341.6233215332031,
            74.56962585449219,
            0.9454480862197305
        ],
        [
            342.7804260253906,
            76.2142562866211,
            0.9565037334320038
        ],
        [
            343.909423828125,
            77.87835693359375,
            0.9725847656212565
        ],
        [
            345.006591796875,
            79.56362915039062,
            0.990954984504514
        ],
        [
            346.072998046875,
            81.26852416992188,
            1.0089343179187753
        ],
        [
            347.11224365234375,
            82.99011993408203,
            1.0250153833975415
        ]
    ],
    "steer": 0.003,
    "throttle": 0.0945754885494413,
    "brake": false,
    "junction": false,
    "vehicle_hazard": [
        false,
        false,
        false,
        false,
        false,
        false,
        false,
        false,
        false,
        false,
        false,
        false,
        false,
        false,
        false,
        false,
        false,
        false,
        false,
        false,
        false,
        false,
        false,
        false,
        false,
        false,
        false,
        false,
        false,
        false,
        false,
        false,
        false,
        false,
        false,
        false,
        false,
        false,
        false,
        false,
        false,
        false,
        false,
        false,
        false,
        false,
        false,
        false,
        false,
        false,
        false,
        false,
        false,
        false,
        false,
        false,
        false,
        false,
        false,
        false,
        false,
        false,
        false,
        false,
        false,
        false,
        false,
        false,
        false,
        false,
        false,
        false,
        false,
        false,
        false,
        false,
        false,
        false,
        false,
        false
    ],
    "light_hazard": false,
    "walker_hazard": [
        false,
        false,
        false,
        false,
        false,
        false,
        false,
        false,
        false,
        false,
        false,
        false,
        false,
        false,
        false,
        false,
        false,
        false,
        false,
        false,
        false,
        false,
        false,
        false,
        false,
        false,
        false,
        false,
        false,
        false,
        false,
        false,
        false,
        false,
        false,
        false,
        false,
        false,
        false,
        false,
        false,
        false,
        false,
        false,
        false,
        false,
        false,
        false,
        false,
        false,
        false,
        false,
        false,
        false,
        false,
        false,
        false,
        false,
        false,
        false,
        false,
        false,
        false,
        false,
        false,
        false,
        false,
        false,
        false,
        false,
        false,
        false,
        false,
        false,
        false,
        false,
        false,
        false,
        false,
        false
    ],
    "stop_sign_hazard": false,
    "angle": 0.011858291127731315,
    "ego_matrix": [
        [
            0.8087125420570374,
            0.588204026222229,
            -5.1095204980811104e-05,
            69.70221710205078
        ],
        [
            -0.588204026222229,
            0.8087125420570374,
            3.716327410074882e-05,
            -338.0890197753906
        ],
        [
            6.318092346191406e-05,
            -0.0,
            1.0,
            0.03338577225804329
        ],
        [
            0.0,
            0.0,
            0.0,
            1.0
        ]
    ]
}