{
    "x": 339.2152647239361,
    "y": 71.2363282220938,
    "theta": 0.9432192444801331,
    "speed": 3.981284037736613,
    "target_speed": 4.0,
    "x_command": 350.9820713101643,
    "y_command": 89.84368908729904,
    "command": 6,
    "waypoints": [
        [
            340.37603759765625,
            72.84956359863281,
            0.9412376951153425
        ],
        [
            341.5506286621094,
            74.47400665283203,
            0.944746143535413
        ],
        [
            342.7095642089844,
            76.11559295654297,
            0.9550135616440499
        ],
        [
            343.8422546386719,
            77.77899169921875,
            0.9708834051588593
        ],
        [
            344.943359375,
            79.46424865722656,
            0.989329191238048
        ],
        [
            346.01287841796875,
            81.16974639892578,
            1.0077191175133722
        ],
        [
            347.0548095703125,
            82.89224243164062,
            1.0240409660441951
        ],
        [
            348.07244873046875,
            84.62921142578125,
            1.0384065230172734
        ]
    ],
    "steer": -0.005,
    "throttle": 0.06835409892084796,
    "brake": false,
    "junction": false,
    "vehicle_hazard": [
        false,
        false,
        false,
        false,
        false,
        false,
        false,
        false,
        false,
        false,
        false,
        false,
        false,
        false,
        false,
        false,
        false,
        false,
        false,
        false,
        false,
        false,
        false,
        false,
        false,
        false,
        false,
        false,
        false,
        false,
        false,
        false,
        false,
        false,
        false,
        false,
        false,
        false,
        false,
        false,
        false,
        false,
        false,
        false,
        false,
        false,
        false,
        false,
        false,
        false,
        false,
        false,
        false,
        false,
        false,
        false,
        false,
        false,
        false,
        false,
        false,
        false,
        false,
        false,
        false,
        false,
        false,
        false,
        false,
        false,
        false,
        false,
        false,
        false,
        false,
        false,
        false,
        false,
        false,
        false
    ],
    "light_hazard": false,
    "walker_hazard": [
        false,
        false,
        false,
        false,
        false,
        false,
        false,
        false,
        false,
        false,
        false,
        false,
        false,
        false,
        false,
        false,
        false,
        false,
        false,
        false,
        false,
        false,
        false,
        false,
        false,
        false,
        false,
        false,
        false,
        false,
        false,
        false,
        false,
        false,
        false,
        false,
        false,
        false,
        false,
        false,
        false,
        false,
        false,
        false,
        false,
        false,
        false,
        false,
        false,
        false,
        false,
        false,
        false,
        false,
        false,
        false,
        false,
        false,
        false,
        false,
        false,
        false,
        false,
        false,
        false,
        false,
        false,
        false,
        false,
        false,
        false,
        false,
        false,
        false,
        false,
        false,
        false,
        false,
        false,
        false
    ],
    "stop_sign_hazard": false,
    "angle": 0.010348024311949155,
    "ego_matrix": [
        [
            0.8095154166221619,
            0.5870985388755798,
            -0.00023060175590217113,
            71.236328125
        ],
        [
            -0.5870984792709351,
            0.8095154762268066,
            0.0002197084395447746,
            -339.1996765136719
        ],
        [
            0.00031566619873046875,
            -4.2471419874345884e-05,
            0.9999999403953552,
            0.03326019272208214
        ],
        [
            0.0,
            0.0,
            0.0,
            1.0
        ]
    ]
}