{
    "x": 340.385331918624,
    "y": 72.84452829752794,
    "theta": 0.9421693682670593,
    "speed": 3.6688907359216913,
    "target_speed": 4.0,
    "x_command": 350.9820713101643,
    "y_command": 89.84368908729904,
    "command": 6,
    "waypoints": [
        [
            341.47210693359375,
            74.36982727050781,
            0.9447702451432781
        ],
        [
            342.6091003417969,
            75.97730255126953,
            0.954132920850588
        ],
        [
            343.73638916015625,
            77.62628936767578,
            0.9691100061889756
        ],
        [
            344.8365783691406,
            79.30233764648438,
            0.9872025905285924
        ],
        [
            345.9081726074219,
            81.00230407714844,
            1.0054482400518614
        ],
        [
            346.95245361328125,
            82.72089385986328,
            1.0220320770549212
        ],
        [
            347.972412109375,
            84.45425415039062,
            1.0364955051980598
        ],
        [
            348.7516174316406,
            85.81201171875,
            1.0461246634619457
        ]
    ],
    "steer": 0.006,
    "throttle": 0.75,
    "brake": false,
    "junction": false,
    "vehicle_hazard": [
        false,
        false,
        false,
        false,
        false,
        false,
        false,
        false,
        false,
        false,
        false,
        false,
        false,
        false,
        false,
        false,
        false,
        false,
        false,
        false,
        false,
        false,
        false,
        false,
        false,
        false,
        false,
        false,
        false,
        false,
        false,
        false,
        false,
        false,
        false,
        false,
        false,
        false,
        false,
        false,
        false,
        false,
        false,
        false,
        false,
        false,
        false,
        false,
        false,
        false,
        false,
        false,
        false,
        false,
        false,
        false,
        false,
        false,
        false,
        false,
        false,
        false,
        false,
        false,
        false,
        false,
        false,
        false,
        false,
        false,
        false,
        false,
        false,
        false,
        false,
        false,
        false,
        false,
        false,
        false
    ],
    "light_hazard": false,
    "walker_hazard": [
        false,
        false,
        false,
        false,
        false,
        false,
        false,
        false,
        false,
        false,
        false,
        false,
        false,
        false,
        false,
        false,
        false,
        false,
        false,
        false,
        false,
        false,
        false,
        false,
        false,
        false,
        false,
        false,
        false,
        false,
        false,
        false,
        false,
        false,
        false,
        false,
        false,
        false,
        false,
        false,
        false,
        false,
        false,
        false,
        false,
        false,
        false,
        false,
        false,
        false,
        false,
        false,
        false,
        false,
        false,
        false,
        false,
        false,
        false,
        false,
        false,
        false,
        false,
        false,
        false,
        false,
        false,
        false,
        false,
        false,
        false,
        false,
        false,
        false,
        false,
        false,
        false,
        false,
        false,
        false
    ],
    "stop_sign_hazard": false,
    "angle": 0.007043646850422104,
    "ego_matrix": [
        [
            0.8088710308074951,
            0.5879859328269958,
            0.00039778166683390737,
            72.84452819824219
        ],
        [
            -0.5879858732223511,
            0.8088711500167847,
            -0.00030430135666392744,
            -340.36968994140625
        ],
        [
            -0.0005006790161132812,
            1.225054347742116e-05,
            0.9999998807907104,
            0.03366637974977493
        ],
        [
            0.0,
            0.0,
            0.0,
            1.0
        ]
    ]
}