{
    "x": 341.5265891973638,
    "y": 74.42694864880585,
    "theta": 0.9467911124229431,
    "speed": 4.130326870761056,
    "target_speed": 4.0,
    "x_command": 350.9820713101643,
    "y_command": 89.84368908729904,
    "command": 6,
    "waypoints": [
        [
            342.7029113769531,
            76.11714935302734,
            0.9557084469514788
        ],
        [
            343.8710021972656,
            77.83147430419922,
            0.9710311440203315
        ],
        [
            345.00799560546875,
            79.57122802734375,
            0.9896134171053866
        ],
        [
            346.1131286621094,
            81.33387756347656,
            1.0082141991600178
        ],
        [
            347.1882629394531,
            83.11514282226562,
            1.0253141900718485
        ],
        [
            348.2313232421875,
            84.90105438232422,
            1.0400787218657341
        ],
        [
            348.8642578125,
            86.00882720947266,
            1.0474436938603482
        ],
        [
            348.9499816894531,
            86.15980529785156,
            1.0482446728477033
        ]
    ],
    "steer": 0.015,
    "throttle": 0.05368106933090895,
    "brake": false,
    "junction": false,
    "vehicle_hazard": [
        false,
        false,
        false,
        false,
        false,
        false,
        false,
        false,
        false,
        false,
        false,
        false,
        false,
        false,
        false,
        false,
        false,
        false,
        false,
        false,
        false,
        false,
        false,
        false,
        false,
        false,
        false,
        false,
        false,
        false,
        false,
        false,
        false,
        false,
        false,
        false,
        false,
        false,
        false,
        false,
        false,
        false,
        false,
        false,
        false,
        false,
        false,
        false,
        false,
        false,
        false,
        false,
        false,
        false,
        false,
        false,
        false,
        false,
        false,
        false,
        false,
        false,
        false,
        false,
        true,
        true,
        true,
        false,
        false,
        false,
        false,
        false,
        false,
        false,
        false,
        false,
        false,
        false,
        false,
        false
    ],
    "light_hazard": false,
    "walker_hazard": [
        false,
        false,
        false,
        false,
        false,
        false,
        false,
        false,
        false,
        false,
        false,
        false,
        false,
        false,
        false,
        false,
        false,
        false,
        false,
        false,
        false,
        false,
        false,
        false,
        false,
        false,
        false,
        false,
        false,
        false,
        false,
        false,
        false,
        false,
        false,
        false,
        false,
        false,
        false,
        false,
        false,
        false,
        false,
        false,
        false,
        false,
        false,
        false,
        false,
        false,
        false,
        false,
        false,
        false,
        false,
        false,
        false,
        false,
        false,
        false,
        false,
        false,
        false,
        false,
        false,
        false,
        false,
        false,
        false,
        false,
        false,
        false,
        false,
        false,
        false,
        false,
        false,
        false,
        false,
        false
    ],
    "stop_sign_hazard": false,
    "angle": 0.006203592123223178,
    "ego_matrix": [
        [
            0.8110781311988831,
            0.5849376320838928,
            -0.00043679511873051524,
            74.42694854736328
        ],
        [
            -0.5849376320838928,
            0.8110783100128174,
            0.00016265659360215068,
            -341.5108947753906
        ],
        [
            0.0004494189633987844,
            0.00012357067316770554,
            0.9999998807907104,
            0.03319362550973892
        ],
        [
            0.0,
            0.0,
            0.0,
            1.0
        ]
    ]
}