{
    "x": 342.62429588930104,
    "y": 75.99215708599779,
    "theta": 0.9590319991111755,
    "speed": 3.7953000991742405,
    "target_speed": 4.0,
    "x_command": 350.9820713101643,
    "y_command": 89.84368908729904,
    "command": 6,
    "waypoints": [
        [
            343.70263671875,
            77.59503173828125,
            0.9700078909504958
        ],
        [
            344.7968444824219,
            79.25772857666016,
            0.9863140934099147
        ],
        [
            345.8680419921875,
            80.94922637939453,
            1.003547808297981
        ],
        [
            346.91448974609375,
            82.66201782226562,
            1.0197099004529129
        ],
        [
            347.93707275390625,
            84.3922348022461,
            1.0345540274738783
        ],
        [
            348.7172546386719,
            85.74835968017578,
            1.0448325642800664
        ],
        [
            348.9004211425781,
            86.0699691772461,
            1.0467860928081805
        ],
        [
            348.9004211425781,
            86.0699691772461,
            1.0467860928081805
        ]
    ],
    "steer": 0.021,
    "throttle": 0.75,
    "brake": false,
    "junction": false,
    "vehicle_hazard": [
        false,
        false,
        false,
        false,
        false,
        false,
        false,
        false,
        false,
        false,
        false,
        false,
        false,
        false,
        false,
        false,
        false,
        false,
        false,
        false,
        false,
        false,
        false,
        false,
        false,
        false,
        false,
        false,
        false,
        false,
        false,
        false,
        false,
        false,
        false,
        false,
        false,
        false,
        false,
        false,
        false,
        false,
        false,
        false,
        false,
        false,
        false,
        false,
        false,
        false,
        false,
        false,
        false,
        false,
        false,
        false,
        false,
        false,
        false,
        false,
        false,
        false,
        false,
        false,
        false,
        false,
        false,
        false,
        false,
        false,
        false,
        false,
        false,
        false,
        false,
        false,
        false,
        false,
        false,
        false
    ],
    "light_hazard": false,
    "walker_hazard": [
        false,
        false,
        false,
        false,
        false,
        false,
        false,
        false,
        false,
        false,
        false,
        false,
        false,
        false,
        false,
        false,
        false,
        false,
        false,
        false,
        false,
        false,
        false,
        false,
        false,
        false,
        false,
        false,
        false,
        false,
        false,
        false,
        false,
        false,
        false,
        false,
        false,
        false,
        false,
        false,
        false,
        false,
        false,
        false,
        false,
        false,
        false,
        false,
        false,
        false,
        false,
        false,
        false,
        false,
        false,
        false,
        false,
        false,
        false,
        false,
        false,
        false,
        false,
        false,
        false,
        false,
        false,
        false,
        false,
        false,
        false,
        false,
        false,
        false,
        false,
        false,
        false,
        false,
        false,
        false
    ],
    "stop_sign_hazard": false,
    "angle": 0.007357819135891867,
    "ego_matrix": [
        [
            0.8177831768989563,
            0.5755264759063721,
            -2.3505381250288337e-05,
            75.99215698242188
        ],
        [
            -0.5755264759063721,
            0.8177831768989563,
            -0.00014628581993747503,
            -342.6085510253906
        ],
        [
            -6.496905552921817e-05,
            0.00013315804244484752,
            1.0,
            0.033449821174144745
        ],
        [
            0.0,
            0.0,
            0.0,
            1.0
        ]
    ]
}