{
    "x": 343.74861513456347,
    "y": 77.65607462976959,
    "theta": 0.9762988686561584,
    "speed": 3.8369698441963354,
    "target_speed": 4.0,
    "x_command": 350.9820713101643,
    "y_command": 89.84368908729904,
    "command": 6,
    "waypoints": [
        [
            344.8056335449219,
            79.29126739501953,
            0.987986159100321
        ],
        [
            345.873291015625,
            80.97461700439453,
            1.0032079889428869
        ],
        [
            346.9195556640625,
            82.6811294555664,
            1.0183814824116677
        ],
        [
            347.942626953125,
            84.4051284790039,
            1.0328538987234854
        ],
        [
            348.7224426269531,
            85.75642395019531,
            1.0433876329411302
        ],
        [
            348.9041442871094,
            86.07486724853516,
            1.0454690264910818
        ],
        [
            348.9041442871094,
            86.07486724853516,
            1.0454690264910818
        ],
        [
            348.9041442871094,
            86.07486724853516,
            1.0454690264910818
        ]
    ],
    "steer": 0.024,
    "throttle": 0.75,
    "brake": false,
    "junction": false,
    "vehicle_hazard": [
        false,
        false,
        false,
        false,
        false,
        false,
        false,
        false,
        false,
        false,
        false,
        false,
        false,
        false,
        false,
        false,
        false,
        false,
        false,
        false,
        false,
        false,
        false,
        false,
        false,
        false,
        false,
        false,
        false,
        false,
        false,
        false,
        false,
        false,
        false,
        false,
        false,
        false,
        false,
        false,
        false,
        false,
        false,
        false,
        false,
        false,
        false,
        false,
        false,
        false,
        false,
        false,
        false,
        false,
        false,
        false,
        false,
        false,
        false,
        false,
        false,
        false,
        false,
        false,
        false,
        false,
        false,
        false,
        false,
        false,
        false,
        false,
        false,
        false,
        false,
        false,
        false,
        false,
        false,
        false
    ],
    "light_hazard": false,
    "walker_hazard": [
        false,
        false,
        false,
        false,
        false,
        false,
        false,
        false,
        false,
        false,
        false,
        false,
        false,
        false,
        false,
        false,
        false,
        false,
        false,
        false,
        false,
        false,
        false,
        false,
        false,
        false,
        false,
        false,
        false,
        false,
        false,
        false,
        false,
        false,
        false,
        false,
        false,
        false,
        false,
        false,
        false,
        false,
        false,
        false,
        false,
        false,
        false,
        false,
        false,
        false,
        false,
        false,
        false,
        false,
        false,
        false,
        false,
        false,
        false,
        false,
        false,
        false,
        false,
        false,
        false,
        false,
        false,
        false,
        false,
        false,
        false,
        false,
        false,
        false,
        false,
        false,
        false,
        false,
        false,
        false
    ],
    "stop_sign_hazard": false,
    "angle": 0.008417461546617329,
    "ego_matrix": [
        [
            0.8273890614509583,
            0.5616291165351868,
            7.138393993955106e-05,
            77.65607452392578
        ],
        [
            -0.561629056930542,
            0.8273890018463135,
            -0.0003471555537544191,
            -343.7328186035156
        ],
        [
            -0.0002540349669288844,
            0.00024714137543924153,
            0.9999998807907104,
            0.03354377672076225
        ],
        [
            0.0,
            0.0,
            0.0,
            1.0
        ]
    ]
}