{
    "x": 344.78857991345416,
    "y": 79.25998698547131,
    "theta": 0.9941549301147461,
    "speed": 4.127332891233861,
    "target_speed": 4.0,
    "x_command": 350.9820713101643,
    "y_command": 89.84368908729904,
    "command": 6,
    "waypoints": [
        [
            345.8782653808594,
            81.00650024414062,
            1.0049063533490576
        ],
        [
            346.9633483886719,
            82.77337646484375,
            1.018321128523464
        ],
        [
            348.0257263183594,
            84.55901336669922,
            1.0323405744233727
        ],
        [
            348.7886962890625,
            85.87642669677734,
            1.042024693674255
        ],
        [
            348.9521789550781,
            86.16195678710938,
            1.0438751911576967
        ],
        [
            348.9521789550781,
            86.16195678710938,
            1.0438751911576967
        ],
        [
            348.9521789550781,
            86.16195678710938,
            1.0438751911576967
        ],
        [
            348.9521789550781,
            86.16195678710938,
            1.0438751911576967
        ]
    ],
    "steer": 0.022,
    "throttle": 0.06003108659889691,
    "brake": false,
    "junction": false,
    "vehicle_hazard": [
        false,
        false,
        false,
        false,
        false,
        false,
        false,
        false,
        false,
        false,
        false,
        false,
        false,
        false,
        false,
        false,
        false,
        false,
        false,
        false,
        false,
        false,
        false,
        false,
        false,
        false,
        false,
        false,
        false,
        false,
        false,
        false,
        false,
        false,
        false,
        false,
        false,
        false,
        false,
        false,
        false,
        false,
        false,
        false,
        false,
        false,
        false,
        false,
        false,
        false,
        false,
        false,
        false,
        false,
        false,
        false,
        false,
        false,
        false,
        false,
        false,
        false,
        false,
        false,
        false,
        false,
        false,
        false,
        false,
        false,
        false,
        false,
        false,
        false,
        false,
        false,
        false,
        false,
        false,
        false
    ],
    "light_hazard": false,
    "walker_hazard": [
        false,
        false,
        false,
        false,
        false,
        false,
        false,
        false,
        false,
        false,
        false,
        false,
        false,
        false,
        false,
        false,
        false,
        false,
        false,
        false,
        false,
        false,
        false,
        false,
        false,
        false,
        false,
        false,
        false,
        false,
        false,
        false,
        false,
        false,
        false,
        false,
        false,
        false,
        false,
        false,
        false,
        false,
        false,
        false,
        false,
        false,
        false,
        false,
        false,
        false,
        false,
        false,
        false,
        false,
        false,
        false,
        false,
        false,
        false,
        false,
        false,
        false,
        false,
        false,
        false,
        false,
        false,
        false,
        false,
        false,
        false,
        false,
        false,
        false,
        false,
        false,
        false,
        false,
        false,
        false
    ],
    "stop_sign_hazard": false,
    "angle": 0.009218441965721627,
    "ego_matrix": [
        [
            0.8372530341148376,
            0.5468153357505798,
            -0.0005698616150766611,
            79.2599868774414
        ],
        [
            -0.5468153953552246,
            0.837253212928772,
            8.908630115911365e-05,
            -344.7727355957031
        ],
        [
            0.0005258321762084961,
            0.00023702130420133471,
            0.9999998807907104,
            0.03315570577979088
        ],
        [
            0.0,
            0.0,
            0.0,
            1.0
        ]
    ]
}