{
    "x": 345.823936329832,
    "y": 80.91315471233393,
    "theta": 1.0098259449005127,
    "speed": 3.6768569133218354,
    "target_speed": 4.0,
    "x_command": 350.9820713101643,
    "y_command": 89.84368908729904,
    "command": 6,
    "waypoints": [
        [
            346.7951965332031,
            82.52013397216797,
            1.018084706397692
        ],
        [
            347.8087463378906,
            84.21057891845703,
            1.0289795985486654
        ],
        [
            348.64068603515625,
            85.63386535644531,
            1.0387303966953407
        ],
        [
            348.8702087402344,
            86.03143310546875,
            1.0411407572189442
        ],
        [
            348.8702087402344,
            86.03143310546875,
            1.0411407572189442
        ],
        [
            348.8702087402344,
            86.03143310546875,
            1.0411407572189442
        ],
        [
            348.8702087402344,
            86.03143310546875,
            1.0411407572189442
        ],
        [
            348.8702087402344,
            86.03143310546875,
            1.0411407572189442
        ]
    ],
    "steer": 0.018,
    "throttle": 0.75,
    "brake": false,
    "junction": false,
    "vehicle_hazard": [
        false,
        false,
        false,
        false,
        false,
        false,
        false,
        false,
        false,
        false,
        false,
        false,
        false,
        false,
        false,
        false,
        false,
        false,
        false,
        false,
        false,
        false,
        false,
        false,
        false,
        false,
        false,
        false,
        false,
        false,
        false,
        false,
        false,
        false,
        false,
        false,
        false,
        false,
        false,
        false,
        false,
        false,
        false,
        false,
        false,
        false,
        false,
        false,
        false,
        false,
        false,
        false,
        false,
        false,
        false,
        false,
        false,
        false,
        false,
        false,
        false,
        false,
        false,
        false,
        false,
        false,
        false,
        false,
        false,
        false,
        false,
        false,
        false,
        false,
        false,
        false,
        false,
        false,
        false,
        false
    ],
    "light_hazard": false,
    "walker_hazard": [
        false,
        false,
        false,
        false,
        false,
        false,
        false,
        false,
        false,
        false,
        false,
        false,
        false,
        false,
        false,
        false,
        false,
        false,
        false,
        false,
        false,
        false,
        false,
        false,
        false,
        false,
        false,
        false,
        false,
        false,
        false,
        false,
        false,
        false,
        false,
        false,
        false,
        false,
        false,
        false,
        false,
        false,
        false,
        false,
        false,
        false,
        false,
        false,
        false,
        false,
        false,
        false,
        false,
        false,
        false,
        false,
        false,
        false,
        false,
        false,
        false,
        false,
        false,
        false,
        false,
        false,
        false,
        false,
        false,
        false,
        false,
        false,
        false,
        false,
        false,
        false,
        false,
        false,
        false,
        false
    ],
    "stop_sign_hazard": false,
    "angle": 0.009070756977196552,
    "ego_matrix": [
        [
            0.8460105657577515,
            0.5331661105155945,
            0.0002616739075165242,
            80.91315460205078
        ],
        [
            -0.5331659913063049,
            0.8460105657577515,
            -0.00033111945958808064,
            -345.80804443359375
        ],
        [
            -0.00039792057941667736,
            0.00014061492402106524,
            0.9999999403953552,
            0.033615417778491974
        ],
        [
            0.0,
            0.0,
            0.0,
            1.0
        ]
    ]
}